� ,162052
n�,109616
e ,102841
 p,93528
 s,91597
a ,89899
 n,73487
", ",71640
o ,69900
�e,67196
 v,67141
v�,64012
st,61745
i ,55733
��,52157
 z,50895
u ,49851
po,48140
t�,47529
ch,47061
 j,46393
 d,45732
na,45044
 a,44179
 �,44045
ro,43661
la,43478
se,42616
ov,42563
en,42470
le,42061
y ,41207
al,40931
 t,40622
 m,40495
m ,39338
 k,38639
 o,37027
ne,36778
te,36467
�m,36420
�t,35378
l ,35157
ho,35116
ou,34735
p�,34612
li,34222
�n,33906
�i,32712
je,32353
do,32144
�c,31973
od,31969
r�,31488
to,31359
ko,30866
d�,30193
�l,29869
il,29672
no,29489
m�,29484
pr,29114
t ,28654
em,27801
ed,26926
ra,26299
k�,26195
er,25474
va,25377
os,25187
l�,24783
 b,24760
ta,24731
lo,24306
ak,24304
�k,24048
an,23527
ti,23336
ol,23207
in,23160
ce,23149
h ,23008
el,22955
at,22829
e�,20741
k ,20579
ob,20207
za,19835
ni,18936
�s,18766
it,18554
de,18539
on,18402
�d,18139
es,18026
 r,17799
by,17772
mi,17635
ve,17629
dn,17530
a�,17432
j�,17419
o�,17392
ka,16798
v ,16693
ad,16563
�v,16547
et,16391
or,16373
ic,16160
ot,15657
�h,15612
sk,15506
ku,15459
"�,",15402
om,15158
vy,14951
 u,14944
vo,14907
tr,14701
me,14518
av,14290
 c,14235
ar,14077
hl,13905
s ,13888
 h,13808
�.,13794
n ,12931
as,12907
ok,12774
ci,12677
si,12608
pa,12583
u�,12452
ej,12416
mo,12361
am,12228
 l,12186
dy,12057
kt,12054
ek,12034
vi,11970
js,11705
oh,11604
di,11455
d ,11444
i�,11399
b�,11358
is,11337
oz,11245
ma,11182
ky,10944
da,10921
sl,10885
so,10830
kl,10822
ze,10739
ec,10669
mu,10598
z�,10499
sp,10179
�r,9967
c�,9904
ji,9838
re,9790
�z,9778
ru,9661
ud,9661
tu,9497
�a,9430
tn,9169
yl,9137
ac,9127
op,9042
oc,9012
ly,8978
dl,8843
nu,8830
bo,8821
ik,8773
ja,8747
nt,8658
z ,8548
vn,8543
y�,8527
ez,8258
sv,8212
uj,8138
�j,8115
eb,8053
us,7935
ev,7880
zn,7862
iv,7800
ri,7768
ln,7742
ut,7681
u.,7646
s�,7614
lu,7588
ab,7156
aj,7113
""" ",7082
ny,7053
kd,6986
"e,",6862
id,6850
"u,",6773
bu,6731
ap,6714
du,6587
ck,6584
pl,6570
kr,6547
co,6531
"i,",6354
 i,6308
ep,6289
oj,6200
ha,6112
ty,6086
h�,6084
zi,6029
be,6027
dr,5949
 1,5926
tv,5912
y.,5836
up,5827
pe,5740
ys,5710
e.,5674
 S,5636
rn,5608
"y,",5607
"a,",5508
sm,5468
nc,5386
hr,5361
i.,5281
ba,5213
pi,5153
zd,5139
eh,5042
sn,4919
az,4884
a.,4870
 f,4852
vr,4751
hu,4725
"l,",4693
t.,4693
r ,4664
ry,4619
sa,4596
br,4544
hn,4531
"m,",4523
rt,4504
�p,4468
tl,4451
dv,4372
ie,4372
 M,4330
"o,",4314
 C,4304
"t,",4280
zp,4254
Po,4229
�o,4219
c ,4214
bl,4213
uk,4204
zv,4150
im,4135
",""",4101
tk,4077
ke,4064
ul,4048
rv,4046
nk,4044
ur,4031
ns,4027
--,4018
 B,3995
my,3987
" """,3968
".""",3905
mn,3902
vz,3848
nd,3810
rd,3805
ah,3793
vl,3773
uh,3720
uv,3679
yt,3641
 A,3618
io,3558
uc,3552
he,3501
nn,3484
Je,3483
- ,3466
fi,3452
�b,3444
 -,3434
Ne,3398
 P,3379
rm,3346
zo,3344
zk,3337
l.,3273
un,3261
um,3232
. ,3226
m.,3223
ir,3113
0 ,3110
hy,3091
yc,3084
vu,3059
lk,3032
iz,3017
bi,3013
 J,2982
ll,2940
ia,2828
Na,2819
 D,2818
su,2797
kc,2791
 N,2761
rs,2754
19,2704
ub,2704
dk,2662
jn,2643
o.,2632
ng,2627
�u,2598
bn,2582
 R,2579
: ,2556
ds,2539
pu,2514
au,2485
 L,2478
fo,2459
V ,2430
P�,2424
rk,2399
dp,2396
 K,2387
Kd,2371
sy,2302
V�,2290
yn,2280
 T,2266
 e,2238
yb,2234
Pa,2192
ge,2186
 H,2168
 G,2167
j ,2162
yp,2151
ct,2145
00,2141
ml,2106
Pr,2095
Ma,2091
uz,2084
ga,2074
og,2060
dc,2039
 F,2029
Co,2023
A ,2020
rz,1993
Ja,1974
bc,1967
jm,1960
 2,1951
 W,1947
rh,1943
zl,1935
zu,1907
zh,1906
St,1850
ip,1822
zb,1796
hi,1785
zm,1766
Do,1754
ex,1701
rg,1696
dm,1684
 I,1682
pt,1674
To,1660
eo,1654
"k,",1647
ag,1633
zt,1612
ij,1593
yk,1592
ea,1589
sc,1589
ii,1588
"n,",1585
ps,1573
N�,1564
gr,1563
ig,1562
gi,1535
Ro,1534
5 ,1533
cn,1523
ht,1511
Za,1502
vk,1492
pn,1485
 (,1484
Al,1484
 E,1479
"h,",1477
zr,1476
kv,1430
kn,1426
h.,1424
n.,1402
rp,1399
Sp,1393
tt,1371
 3,1365
ts,1359
Te,1343
Ta,1337
eg,1333
yd,1330
yh,1329
eu,1323
M�,1320
rc,1317
k.,1300
ib,1289
ih,1281
 V,1260
hv,1256
sh,1242
Ch,1234
ls,1229
fa,1219
% ,1207
sr,1206
mr,1200
jd,1177
fe,1176
Mi,1166
In,1150
Da,1148
Mo,1143
mp,1143
 U,1132
vd,1132
"?""",1121
th,1117
``,1108
ef,1102
ey,1097
r.,1088
Ka,1080
'',1077
) ,1076
O ,1070
ew,1068
2 ,1064
"""T",1058
zy,1057
nv,1048
99,1041
"""N",1037
"""P",1029
Jo,1025
bj,1025
c.,1019
go,1018
 g,1013
 O,1012
ca,1012
lm,991
"""J",986
of,973
Ca,972
"s,",967
98,960
By,959
Ve,959
jt,951
yr,950
Br,946
oo,939
Sa,935
ki,935
ee,934
Ko,929
 5,925
nf,925
8 ,912
if,908
tc,907
vs,906
db,899
Ba,898
rr,897
 4,883
gu,883
 %,870
Be,870
nz,854
..,850
ym,850
1 ,846
yv,837
4 ,834
"""M",828
jv,820
Vy,818
"!""",817
g ,817
An,804
E ,804
Me,800
Wa,799
 &,792
; ,777
Se,777
lt,775
s.,773
Bo,770
ss,765
rl,759
tm,752
3 ,751
Ho,749
US,749
Am,741
Pe,741
D�,727
bs,727
mb,717
hc,716
Ha,715
ai,713
De,711
T�,710
dh,704
Lo,703
zj,701
"r,",700
10,699
 8,698
S ,695
xi,692
 Z,690
Le,687
ay,683
' ,682
Bu,676
No,676
"""V",674
w ,674
jo,670
py,670
50,667
 6,665
 7,661
6 ,654
Od,653
""".",643
ei,642
 `,639
 0,631
pc,631
ua,631
7 ,623
Ob,623
bv,622
p ,622
yz,622
I ,620
fr,618
d.,616
ow,612
ld,609
9 ,608
Li,604
20,599
Fr,597
b ,592
ms,592
mc,588
"""A",587
�?,586
Ni,577
af,577
Ce,575
�:,571
&a,569
Ke,568
"d,",567
fu,567
p.,567
cu,566
 Y,563
La,561
Gr,559
".,",555
Fi,551
yo,548
N ,547
"1,",543
lc,543
uf,540
ju,538
Re,534
Z�,534
EN,533
dd,531
Mu,525
AN,523
rb,523
mk,518
B�,515
Tr,513
"c,",513
vc,513
"�""",511
ST,510
So,510
ER,507
TO,506
Cl,499
bd,483
jl,482
"""K",481
Z ,478
 9,475
A�,475
SA,468
wa,468
Sh,466
IN,463
Ra,463
30,462
",'",457
Go,455
Ge,454
Ji,453
l:,452
Sc,451
Ar,450
NE,449
CE,444
lz,444
f�,442
"""D",441
gh,439
dt,435
km,433
-l,432
Dr,430
xu,428
Vi,427
hm,427
zc,427
s;,422
""",",419
25,416
gn,416
L ,415
Si,415
AL,414
Di,413
",5",411
g�,408
zs,407
sb,401
mm,397
Wi,396
15,395
ax,394
bk,394
"2,",392
(C,389
NA,387
OR,387
C),386
mt,383
0.,380
Ti,380
lv,379
sd,379
D ,378
Bi,378
"""S",377
NO,375
ff,375
yj,375
"""C",372
"0,",372
gl,372
lb,371
As,370
ON,369
U�,369
lh,367
12,366
Yo,365
Kr,363
He,362
x ,362
90,357
OV,357
Ru,355
"),",353
v.,352
Ga,351
Va,349
MA,347
.',345
hd,345
U ,344
RA,343
Y ,343
oa,343
RO,341
& ,340
ae,340
e-,340
K ,339
TE,339
"""�",335
f ,335
"""Z",334
LE,334
Fo,332
CH,331
Ty,328
R�,327
cv,326
wy,326
"""B",325
e?,323
ph,323
1.,322
Js,321
AR,319
OT,318
Ki,317
oe,317
My,316
Fe,315
Ri,312
We,311
ui,310
vt,308
iu,307
Th,303
J�,300
L�,300
ug,300
Su,298
ao,298
Mc,297
18,296
El,296
"3,",293
40,293
94,292
C ,292
IL,292
we,292
"7,",288
"8,",288
Sl,288
SD,287
Sk,287
Vz,287
a:,287
gt,287
ue,286
LI,284
fl,284
97,283
M ,282
lf,281
ye,279
oi,278
t?,278
11,277
2.,276
"""p",275
cy,273
u?,273
T ,272
LA,271
"v,",271
&b,268
tx,268
x;,268
EL,267
93,266
16,265
ks,263
nh,263
"4,",261
80,261
ox,261
xp,261
",2",260
tb,260
8.,259
87,259
Ab,259
PO,259
md,258
yu,257
Sn,256
60,255
IC,254
%.,253
88,253
Bl,253
Mn,253
13,251
FO,250
SE,250
pk,249
ES,247
",3",246
Ot,246
�!,246
RE,245
95,244
�C,243
AT,242
Gu,242
92,240
gs,237
",7",235
3.,235
gy,234
75,233
Ze,233
Ju,231
",8",230
Hu,230
14,227
oy,227
Sv,225
e!,225
",1",224
Pi,222
).,221
1/,220
OS,220
"b,",219
pp,219
"6,",218
"9,",218
"5,",217
DA,216
Dn,216
17,215
Ph,215
"j,",215
",9",214
"""O",213
",6",213
96,213
HE,212
j.,212
7.,211
HO,211
R ,211
Zd,211
",4",210
4.,210
89,210
"""n",209
hk,209
ED,208
Hi,208
MI,208
70,206
A.,206
Ev,206
Un,205
aw,205
22,204
Tu,204
DE,202
Op,202
AD,201
wo,201
�),201
ET,200
Pl,200
"""U",199
9.,198
AC,198
C.,198
LL,198
NC,198
e:,198
KR,196
TI,196
Dv,195
"z,",195
6.,194
TR,193
xa,193
AS,192
Du,192
Lu,192
Wh,191
xt,191
LO,190
Wo,189
5.,188
PA,188
y:,188
Fl,187
IS,187
OL,187
Hl,186
fy,185
"u""",185
�E,185
91,184
CO,184
Ml,184
RT,184
aa,183
jp,183
"y""",183
�T,182
tz,181
Ai,180
Ku,180
"%,",178
Av,178
Ci,178
HA,178
i:,178
wi,178
y?,178
32,177
Ed,177
"e""",177
"""s",176
Cr,176
TH,176
xo,176
RI,175
dz,175
Fa,174
bt,174
�;,174
"""a",173
i?,173
Os,172
jr,172
u:,172
vb,172
DO,171
Vo,169
jc,168
D.,167
ZK,167
Au,165
Ea,165
Sy,165
z.,165
ya,165
zz,165
Gi,164
35,162
/8,161
AM,161
SO,161
nb,161
45,160
K�,160
�f,159
"""m",159
's,159
26,159
O�,159
ME,159
Sm,159
lp,159
rf,158
85,157
J.,157
Uv,157
0%,156
�-,156
Zn,155
jk,155
23,154
NI,154
Zv,154
a?,154
o?,154
vh,154
ft,153
"""v",152
xe,152
dj,151
kh,150
t;,150
 Q,149
24,149
"""H",147
86,147
S.,147
HI,146
Kl,146
OU,146
bb,146
gg,145
21,144
dg,144
S�,143
dw,143
65,141
�N,140
/4,139
RK,139
Ex,138
jh,138
sf,138
3/,137
Qu,137
Ry,137
"a""",137
29,136
Ad,136
CI,136
VE,135
Zk,135
EC,134
KO,134
5%,133
TA,133
UA,133
"""j",132
LU,132
ND,132
27,131
DL,131
m:,131
BE,130
BI,130
EM,129
Vl,129
cm,129
"g,",128
"""z",127
H ,126
Or,126
N.,125
OD,124
SN,124
AG,123
En,123
wn,123
 $,122
28,122
IA,122
NN,122
Uk,122
nl,122
ID,121
IT,121
YO,121
",0",120
EW,120
"""t",119
GE,119
JE,119
PR,119
BA,118
CK,118
DN,118
RY,118
b.,118
Ol,117
Vr,117
"i""",117
jb,117
"p,",117
31,116
Af,116
g.,116
At,115
55,114
OM,114
"""R",113
OB,113
Zp,113
uo,113
.),112
CA,112
PE,112
VI,112
"m""",112
Er,111
m?,111
t!,111
Ak,110
W ,110
�M,110
NG,109
Ok,109
LD,108
Ny,108
�I,108
qu,107
t:,107
42,106
On,106
kk,106
u!,106
"""L",105
/2,105
DY,105
Fu,105
IM,105
L.,105
Ir,103
RS,103
a!,103
cC,103
l?,103
C�,102
Gl,102
nj,102
33,101
37,101
IB,101
IE,101
cD,101
mh,101
47,100
DI,100
GA,100
Hr,100
84,99
Ly,99
OC,99
SH,99
i!,99
Pu,98
Tv,98
ws,98
82,97
o!,97
"t""",97
52,96
MO,96
O&,96
"S,",96
UN,96
"""d",95
62,95
79,95
Em,95
VA,95
38,94
E.,93
TV,93
cp,93
OP,92
SS,92
BO,91
Jd,91
NS,91
NT,91
Oh,91
34,90
36,89
44,89
Sr,89
cr,89
o:,89
"A,",88
bz,88
$ ,87
AK,87
UR,87
lg,87
tf,87
01,86
AV,86
BM,86
Up,86
cl,86
ix,86
vp,86
TT,85
a),85
"""b",84
"""k",84
2%,84
83,84
"D,",84
EA,84
OH,84
y',84
yg,84
"""o",83
SI,83
Y�,83
43,82
81,82
BC,82
G ,82
IR,82
(1,81
74,81
B.,81
F ,81
JO,81
KA,81
SC,81
sj,81
�K,81
3%,80
AI,80
SK,80
UD,80
Y.,80
lṻ,80
bh,80
Ag,79
BR,79
FB,79
66,78
JA,78
OK,78
Zj,78
tw,78
 w,77
Cu,77
SP,77
e;,77
�L,77
72,76
AZ,76
EY,76
�',76
 .,75
-S,75
n-,75
td,75
yw,75
-1,74
48,74
E�,74
IO,74
"K,",74
KD,74
ux,74
ṻ ,74
M.,73
"o""",73
49,72
56,72
II,72
Is,72
`N,72
pj,72
8%,71
AU,71
.A,70
78,70
"E,",70
KE,70
RN,70
e),70
58,69
;G,69
AY,69
Lt,69
NY,69
PL,69
Om,69
`P,69
tg,69
02,68
57,68
AB,68
Il,68
gk,68
u),68
(2,67
.Y,67
41,67
63,67
HD,67
VY,67
o-,67
y),67
73,66
76,66
EK,66
Hn,66
Um,66
cc,66
k?,66
(p,65
51,65
Ac,65
"N,",65
NB,65
NK,65
PS,65
R.,65
RU,65
Ud,65
WA,65
rw,65
u;,65
67,64
LS,64
P ,64
Ps,64
Ur,64
lr,64
69,63
G.,63
H.,63
P.,63
a-,63
y!,63
64,62
68,62
쾹�,62
"C,",62
KL,62
MC,62
"h""",62
y;,62
t쾹,62
/3,61
03,61
6%,61
9%,61
KU,61
RC,61
Us,61
Zl,61
B ,60
UL,60
VO,60
Zb,60
Zm,60
`V,60
39,59
4%,59
HN,59
HR,59
Rh,59
`T,59
(v,58
7%,58
Dl,58
RR,58
T.,58
TC,58
TY,58
Ya,58
`n,58
`p,58
BY,57
TU,57
UT,57
WI,57
mf,57
61,56
BL,56
CN,56
DR,56
UB,56
Ut,56
ZA,56
ZE,56
Zi,56
`J,56
`M,56
.d,55
46,55
53,55
GM,55
KY,55
/1,54
0-,54
3),54
77,54
EV,54
MM,54
Oc,54
PH,54
ZI,54
jz,54
07,53
4),53
I.,53
LY,53
hs,53
l-,53
sg,53
(�,52
-P,52
54,52
7/,52
DU,52
EE,52
FI,52
"I,",52
MS,52
RP,52
p;,52
-M,51
05,51
5/,51
71,51
AE,51
AH,51
FE,51
RV,51
Zt,51
m!,51
"""I",50
(P,50
AP,50
CR,50
HU,50
IV,50
MU,50
yi,50
(a,49
(d,49
-�,49
-0,49
Ap,49
GO,49
GR,49
YL,49
Zr,49
aq,49
nm,49
�S,49
�H,49
.1,48
.2,48
.3,48
1%,48
59,48
F.,48
EO,48
FR,48
RD,48
VN,48
(n,47
EP,47
Ll,47
NU,47
PI,47
SL,47
TN,47
Zo,47
"l""",47
n:,47
nr,47
u-,47
"""c",46
04,46
06,46
08,46
6-,46
C-,46
Oz,46
SM,46
W.,46
"k""",46
kz,46
"x,",46
�g,45
"""r",45
"""u",45
EI,45
"L,",45
e',45
cs,45
k:,45
t-,45
-2,44
-C,44
;s,44
DS,44
Ei,44
HL,44
O.,44
OZ,44
nT,44
BU,43
Es,43
GP,43
JS,43
OW,43
SR,43
`B,43
i;,43
xy,43
H�,42
Ep,42
LC,42
h?,42
n?,42
(s,41
A),41
It,41
TS,41
Sw,41
YD,41
"f,",41
lj,41
mg,41
q ,41
�R,41
.C,40
BS,40
KI,40
Nu,40
Ov,40
SU,40
WO,40
Vs,40
k!,40
�V,40
Cv,39
FA,39
FF,39
Hy,39
Im,39
Kn,39
Oa,39
Wr,39
f.,39
vj,39
09,38
CT,38
I�,38
IK,38
OO,38
Vt,38
a;,38
`s,38
`v,38
�D,38
�A,38
(S,37
.S,37
Eu,37
ZO,37
d',37
df,37
gm,37
nH,37
t),37
�J,37
(t,36
.5,36
MR,36
WE,36
YS,36
j!,36
kb,36
"""h",35
.0,35
Ah,35
Ky,35
PM,35
RG,35
s-,35
 [,34
"""G",34
"',",34
.T,34
5),34
Iz,34
OF,34
"R,",34
`K,34
`S,34
i),34
"n""",34
pm,34
-3,33
.4,33
EG,33
FL,33
UM,33
Ub,33
`�,33
fm,33
h:,33
hw,33
nw,33
"s""",33
s),33
(N,32
-B,32
CB,32
JI,32
"Y,",32
"d""",32
tj,32
x�,32
wl,32
wm,32
xn,32
(M,31
CL,31
Ek,31
KG,31
LM,31
LT,31
U.,31
UI,31
s?,31
(D,30
.&,30
1:,30
9/,30
EZ,30
GT,30
IP,30
Iv,30
Jm,30
Kv,30
MP,30
"O,",30
"T,",30
Wu,30
`A,30
c),30
d:,30
i-,30
r:,30
yf,30
AF,29
CC,29
EF,29
Eg,29
"M,",29
Mr,29
PU,29
RM,29
WC,29
Y:,29
`D,29
b),29
`z,29
d),29
cK,29
gf,29
n),29
lw,29
r-,29
u',29
x.,29
(k,28
.6,28
.8,28
Ae,28
TL,28
UC,28
gd,28
mz,28
wr,28
" ,",27
"""E",27
(L,27
-A,27
2:,27
"G,",27
LN,27
Kt,27
Pf,27
S&,27
RL,27
SV,27
Zu,27
`O,27
�Z,27
"""i",26
"(""",26
-p,26
-s,26
2),26
EJ,26
HS,26
Id,26
MF,26
OE,26
SY,26
X ,26
ZN,26
ZZ,26
Zh,26
l!,26
"w,",26
 X,25
-t,25
Qi,25
UP,25
`Z,25
c!,25
m),25
r&,25
vm,25
(T,24
(V,24
-H,24
.9,24
1),24
A-,24
DT,24
DV,24
GU,24
HY,24
IF,24
IG,24
Pt,24
`C,24
`b,24
n',24
o;,24
sw,24
uy,24
wt,24
"""l",23
(Z,23
1-,23
:0,23
Of,23
V.,23
Tl,23
YN,23
`a,23
c?,23
fk,23
fs,23
m;,23
n!,23
nx,23
"r""",23
s:,23
"""F",22
$.,22
-L,22
EB,22
Eq,22
Jr,22
OG,22
OJ,22
UH,22
UK,22
WH,22
fg,22
sq,22
(3,21
(A,21
):,21
(j,21
-a,21
??,21
D),21
GI,21
SB,21
Uc,21
YA,21
`d,21
`j,21
k),21
np,21
""")",20
(B,20
-m,20
.P,20
7:,20
B-,20
DP,20
EX,20
Gw,20
KS,20
MG,20
][,20
"c""",20
d?,20
fn,20
i',20
hb,20
jj,20
o),20
xc,20
(O,19
(U,19
.�,19
0),19
2-,19
";,",19
CS,19
EU,19
GB,19
GS,19
RB,19
TK,19
Ul,19
] ,19
c;,19
eW,19
l;,19
kp,19
w.,19
zf,19
"""f",18
%;,18
(K,18
3:,18
2],18
:1,18
BN,18
DD,18
Dy,18
GH,18
MB,18
PN,18
PP,18
QU,18
UE,18
UJ,18
WS,18
a',18
`H,18
j-,18
kf,18
kg,18
t',18
wh,18
xx,18
 :,17
"$,",17
'.,17
&P,17
(H,17
(o,17
(r,17
(z,17
-D,17
.J,17
.z,17
7-,17
;S,17
;T,17
Et,17
GL,17
JN,17
Lz,17
"P,",17
UG,17
YC,17
[A,17
`m,17
`o,17
d!,17
cG,17
cN,17
g-,17
h),17
j:,17
r',17
xk,17
�/,17
�P,17
(J,16
(R,16
(m,16
-G,16
-n,16
.s,16
:3,16
A:,16
DC,16
KN,16
NF,16
RF,16
SF,16
Sd,16
VL,16
WN,16
cM,16
h;,16
w�,16
&G,15
(F,15
(G,15
-R,15
.7,15
.L,15
-v,15
.p,15
4-,15
5-,15
9-,15
:4,15
";""",15
CD,15
E:,15
EH,15
Ia,15
K2,15
KT,15
LK,15
M/,15
LP,15
MY,15
P-,15
Og,15
Sq,15
Tc,15
ZB,15
cq,15
m',15
r?,15
s!,15
wb,15
�B,15
-6,14
-T,14
/U,14
;9,14
"F,",14
HC,14
Ig,14
K.,14
JR,14
NH,14
P&,14
PC,14
S),14
T),14
SW,14
Sb,14
VR,14
Vu,14
Wy,14
ZD,14
d-,14
m-,14
v?,14
wk,14
�&,14
&T,13
(c,13
-k,13
-o,13
9:,13
":""",13
;.,13
?&,13
"B,",13
Ax,13
D2,13
DW,13
HB,13
I),13
HT,13
T&,13
T:,13
d鹻,13
Uj,13
Uz,13
Vp,13
YE,13
Ye,13
ZV,13
h',13
iw,13
y-,13
zw,13
 /,12
(b,12
",,",12
-4,12
-5,12
.;,12
-b,12
.D,12
-i,12
.l,12
0:,12
3-,12
;N,12
AA,12
AX,12
CU,12
E),12
FC,12
Ec,12
FT,12
FU,12
"H,",12
HV,12
K;,12
N&,12
MN,12
O),12
OA,12
OI,12
PD,12
Ow,12
S;,12
"V,",12
Vn,12
aM,12
`t,12
cB,12
bm,12
k-,12
k;,12
kw,12
n;,12
o',12
r),12
rj,12
""";",11
"""W",11
%),11
(4,11
(E,11
(I,11
/ ,11
.H,11
-w,11
?',11
BB,11
CY,11
DB,11
Io,11
KV,11
LF,11
N;,11
Uh,11
VZ,11
YG,11
ZP,11
`R,11
e&,11
g),11
gb,11
kA,11
l',11
r!,11
r;,11
sz,11
"v""",11
uu,11
wp,11
xl,11
"""1",10
&L,10
(5,10
(7,10
(8,10
(i,10
",P",10
-8,10
-9,10
.-,10
.B,10
-d,10
.G,10
-h,10
0l,10
BP,10
CP,10
DM,10
Cs,10
FD,10
IH,10
Hm,10
IZ,10
KK,10
LB,10
Lv,10
NP,10
NW,10
PF,10
Oi,10
R),10
T-,10
Sj,10
TM,10
Y),10
YT,10
Zy,10
`c,10
aS,10
dC,10
s&,10
rx,10
w-,10
y&,10
鹻 ,10
�O,10
"""?",9
",&",9
-I,9
-J,9
-r,9
.V,9
/M,9
0/,9
.m,9
/P,9
.t,9
2;,9
6/,9
;A,9
Ay,9
CM,9
Cy,9
Ey,9
J ,9
IU,9
K-,9
JU,9
N),9
Lj,9
Ng,9
OY,9
RZ,9
YP,9
[1,9
`F,9
`I,9
`k,9
`r,9
b;,9
cI,9
cz,9
"j""",9
iq,9
l&,9
mv,9
pb,9
wc,9
yF,9
z:,9
z?,9
&R,8
"-""",8
-E,8
-K,8
-c,8
.E,8
.M,8
.a,8
6),8
6:,8
8-,8
8:,8
:2,8
A2,8
AJ,8
E-,8
E;,8
Dc,8
FM,8
FP,8
Fy,8
L-,8
Kh,8
MH,8
MK,8
MV,8
O',8
NL,8
Mt,8
O:,8
PT,8
PZ,8
R:,8
UZ,8
X.,8
WP,8
ZL,8
c:,8
eV,8
l9,8
qb,8
u&,8
v!,8
uw,8
xw,8
 x,7
"""e",7
);,7
"-,",7
-F,7
-N,7
-O,7
.b,7
0k,7
2/,7
4:,7
5:,7
7),7
;B,7
;C,7
;D,7
;K,7
;P,7
;n,7
;r,7
? ,7
?!,7
?.,7
AW,7
F-,7
IQ,7
Hv,7
KF,7
Kw,7
Ms,7
NZ,7
Q ,7
Pn,7
Py,7
RJ,7
TF,7
TW,7
Ts,7
UV,7
Tw,7
WR,7
ZR,7
Yu,7
Zc,7
`L,7
h!,7
fj,7
hh,7
j?,7
l),7
n&,7
o&,7
"p""",7
sW,7
tp,7
y/,7
�],6
!&,6
 y,6
&C,6
(6,6
(h,6
(l,6
(u,6
-7,6
-W,6
.:,6
/T,6
0t,6
9),6
7l,6
8l,6
;&,6
;F,6
;H,6
;J,6
AO,6
Aa,6
Az,6
DF,6
FH,6
H&,6
Gh,6
IX,6
JD,6
Ih,6
L),6
L?,6
NQ,6
NR,6
NV,6
P),6
PG,6
RH,6
SG,6
SQ,6
SX,6
Tj,6
Tk,6
VD,6
Vd,6
YB,6
YM,6
YX,6
ZM,6
`U,6
aP,6
aR,6
`u,6
d&,6
"g""",6
h-,6
i&,6
iC,6
mj,6
s',6
v:,6
wd,6
wf,6
z!,6
"z""",6
�9,6
!?,5
 q,5
"'""",5
%n,5
( ,5
'A,5
'C,5
&d,5
&p,5
(W,5
(`,5
(f,5
",M",5
-Q,5
.F,5
-f,5
-j,5
.N,5
-z,5
0$,5
/E,5
.k,5
2l,5
5l,5
:5,5
;U,5
;k,5
;p,5
;t,5
?),5
A;,5
Aj,5
Aw,5
D&,5
D1,5
E!,5
Dw,5
FS,5
H-,5
GY,5
I-,5
HM,5
IJ,5
Ib,5
Ik,5
JT,5
Iw,5
M-,5
Oe,5
Ou,5
R;,5
Rv,5
U),5
"U,",5
U-,5
Sz,5
VT,5
WL,5
XA,5
XI,5
Xe,5
ZT,5
ZY,5
`i,5
`l,5
cO,5
eC,5
eL,5
fc,5
gp,5
gw,5
k&,5
k',5
jf,5
l/,5
lS,5
p!,5
oA,5
"q,",5
rC,5
tW,5
uA,5
uq,5
ṻ.,5
�w,4
! ,4
 ?,4
!!,4
""":",4
 {,4
'),4
&l,4
&r,4
",�",4
",.",4
",a",4
.K,4
/A,4
/D,4
/N,4
.v,4
/Z,4
/s,4
0m,4
3?,4
5;,4
6;,4
5t,4
:',4
:?,4
;d,4
;o,4
;v,4
A?,4
BD,4
C/,4
Aq,4
D',4
Bh,4
D:,4
DG,4
DH,4
DZ,4
F),4
Dm,4
FK,4
G-,4
GF,4
GG,4
H),4
Fj,4
I',4
HW,4
KC,4
L:,4
Km,4
LV,4
LZ,4
ML,4
MT,4
NM,4
Mz,4
S-,4
S?,4
SJ,4
Rt,4
TG,4
TZ,4
Tm,4
VS,4
VU,4
VX,4
Vh,4
Vm,4
XT,4
XX,4
YJ,4
YK,4
YR,4
ZH,4
Yv,4
Zs,4
[p,4
`E,4
a&,4
`G,4
b:,4
cH,4
bw,4
eB,4
eM,4
eP,4
g',4
hf,4
k/,4
jw,4
m&,4
kj,4
nq,4
p:,4
pf,4
s/,4
sA,4
t/,4
wu,4
xq,4
"ṻ,",4
�U,4
�ͩ,3
 +,3
!',3
!),3
"""g",3
$),3
"""w",3
%-,3
';,3
'J,3
(e,3
.!,3
-V,3
0�,3
.?,3
.O,3
.R,3
.W,3
.u,3
/d,3
/p,3
1;,3
0d,3
1l,3
4/,3
2t,3
4;,3
4l,3
5O,3
5m,3
8),3
8;,3
;�,3
:7,3
:D,3
9l,3
;M,3
;V,3
= ,3
;z,3
?8,3
B6,3
Ao,3
BZ,3
CG,3
F�,3
D;,3
G�,3
Db,3
Dh,3
Eb,3
G),3
Ew,3
GN,3
I:,3
"J,",3
JB,3
Ic,3
JM,3
L&,3
LH,3
L],3
MD,3
Lp,3
N:,3
O;,3
OX,3
Q.,3
Ox,3
ͩT,3
Pc,3
RW,3
UF,3
Ug,3
"W,",3
VK,3
WG,3
"X,",3
Vj,3
Vk,3
XE,3
XO,3
Xa,3
YF,3
YH,3
Xi,3
Xu,3
YV,3
YW,3
Ym,3
[D,3
[n,3
[v,3
`.,3
a(,3
a/,3
`h,3
d;,3
eF,3
f?,3
Lͮ,3
g/,3
hV,3
i],3
iy,3
zṻ,3
nA,3
nP,3
oR,3
r/,3
rL,3
rq,3
uP,3
u],3
x-,3
xh,3
zg,3
̩E,2
 =,2
!.,2
"""5",2
"""8",2
"%""",2
'?,2
'D,2
'M,2
(9,2
")""",2
)?,2
(g,2
+ ,2
",N",2
",Z",2
",b",2
",j",2
./,2
-U,2
-X,2
-e,2
-g,2
.Q,2
-u,2
/9,2
.X,2
/C,2
0&,2
.e,2
/G,2
.j,2
.n,2
/R,2
/S,2
/l,2
/z,2
1],2
3;,2
3C,2
2p,2
3],2
5$,2
3l,2
4T,2
4],2
5A,2
5],2
6],2
7?,2
8/,2
6s,2
7],2
8?,2
9?,2
":,",2
::,2
;!,2
;O,2
;j,2
ٮE,2
?3,2
A&,2
B2,2
C&,2
BJ,2
BV,2
C:,2
D-,2
DK,2
E?,2
F/,2
EQ,2
Ef,2
Eh,2
FY,2
G;,2
Fm,2
GW,2
HH,2
HK,2
IW,2
K),2
JK,2
K:,2
L;,2
M!,2
M&,2
LG,2
M),2
N!,2
"N""",2
N-,2
MW,2
Mk,2
O-,2
Nc,2
P/,2
PK,2
"R""",2
R-,2
R/,2
R4,2
S:,2
U!,2
TB,2
W�,2
"V""",2
V),2
ͮD,2
UO,2
VC,2
VF,2
Uo,2
X),2
WK,2
WT,2
WU,2
WY,2
"Y""",2
XR,2
XV,2
YI,2
ZU,2
[8,2
Zw,2
[j,2
"],",2
`W,2
"b""",2
aB,2
`g,2
b-,2
c',2
d/,2
cV,2
dB,2
cb,2
Jͮ,2
f),2
eN,2
eT,2
e],2
g?,2
gj,2
hK,2
i8,2
iB,2
iM,2
j;,2
jg,2
mH,2
n/,2
p',2
p(,2
p),2
p-,2
o],2
p?,2
oq,2
t&,2
u/,2
t],2
v',2
v),2
v;,2
"w""",2
x),2
vg,2
x:,2
wj,2
ww,2
z),2
z-,2
yS,2
xs,2
"},",2
{n,2
Mٮ,2
ھa,2
