e ,152585
 t,124489
th,111080
he,108886
 a,88601
s ,86302
d ,78748
in,77476
t ,72894
er,67028
n ,63337
an,61155
re,58860
 o,57672
on,50361
 w,49689
 s,48542
 i,47371
", ",46078
en,45556
nd,44736
at,43656
y ,42318
r ,41898
ed,40548
 h,40086
or,38444
es,38026
is,36662
ou,35852
to,35636
as,35223
ar,35218
ha,35141
of,34780
te,34707
ng,34611
 b,34551
ti,34508
o ,34356
it,34109
f ,33778
st,32664
 c,30712
. ,30413
nt,30397
al,30394
 f,30245
se,28113
hi,27518
ve,27214
 m,26886
le,26677
 p,25219
me,25002
ea,24255
g ,22752
de,22107
ne,22100
ri,21937
l ,21548
ro,21149
ll,20985
co,20952
 d,20822
a ,20473
be,20448
h ,20290
io,19920
ic,19681
ce,19623
li,18647
ra,18462
ch,18050
om,17722
 r,17420
ho,17333
el,17286
ur,17241
wa,17181
 l,17010
 e,16352
si,16314
ly,16279
sh,16043
ma,15818
fo,15642
ta,15618
la,15612
ut,15553
 n,15297
il,14831
us,14725
ee,14636
ca,14536
ad,14509
no,14460
pe,14425
ot,14045
et,13639
ac,13540
wh,13220
di,13204
ec,13123
un,13097
ns,13087
wi,12971
rs,12897
ow,12756
we,12529
nc,12440
ul,12220
ai,12195
ss,12126
tr,12054
ge,11930
lo,11642
so,11641
pr,11577
ie,11558
ct,11543
 g,11475
rt,11253
m ,10982
ld,10865
id,10860
ir,10856
em,10807
im,10730
 I,10608
ol,10345
Th,10336
mo,10056
po,10041
oo,9290
ni,9251
ts,9246
gh,9181
os,8992
mi,8900
 T,8862
ay,8814
ke,8715
"s,",8679
pa,8671
fi,8616
su,8590
ry,8494
ig,8387
wo,8346
 u,8133
am,8114
da,8098
na,8084
av,7755
ab,7744
s.,7741
iv,7718
sa,7716
bl,7709
ev,7650
pl,7629
"e,",7433
ci,7393
ia,7279
do,7209
vi,7198
fe,7167
rd,6963
tu,6898
e.,6861
mp,6817
tt,6529
bo,6459
 y,6451
ag,6399
op,6364
fr,6278
w ,6266
 S,6251
 A,6182
ex,6034
ty,6034
od,5996
ap,5977
I ,5962
k ,5948
if,5938
ov,5875
ei,5768
; ,5686
fa,5581
ht,5568
ey,5554
bu,5537
 C,5474
ug,5397
gr,5396
uc,5371
by,5367
 M,5354
sp,5323
rm,5281
ep,5191
yo,5186
ck,5183
 H,5070
 B,5038
's,5038
rn,4971
ef,4942
ff,4931
"d,",4795
d.,4701
 v,4664
ga,4661
pp,4590
"t,",4572
up,4517
cu,4479
ds,4414
oc,4406
ba,4354
gi,4338
t.,4304
qu,4292
rr,4232
go,4178
sc,4129
cr,4119
ue,4104
 &,4097
"n,",4086
"y,",4084
ls,4067
cl,4019
tl,4016
r.,3984
ak,3970
p ,3942
mu,3867
um,3840
pi,3791
ew,3787
ua,3740
du,3732
ny,3721
n.,3719
lt,3690
 W,3644
lu,3606
ye,3582
h;,3540
"r,",3517
ki,3509
wn,3502
md,3483
&m,3475
y.,3452
rl,3418
va,3417
ui,3409
ru,3386
au,3344
He,3343
 k,3320
 P,3303
br,3229
 1,3222
dr,3208
ft,3165
eg,3119
ob,3107
u ,3069
oi,3067
fu,3043
ok,2986
 L,2981
rc,2933
rk,2917
pt,2889
mm,2887
 G,2886
pu,2860
 F,2846
mb,2816
ys,2770
rg,2734
bi,2722
tw,2720
hr,2686
nl,2685
n',2683
ms,2654
ib,2637
 R,2601
ub,2600
Co,2599
It,2591
nn,2527
 E,2482
 D,2443
ud,2431
kn,2376
cc,2360
af,2358
c ,2351
ip,2345
nu,2330
gu,2287
aw,2231
xp,2211
my,2201
gl,2185
In,2182
hu,2142
fl,2109
eo,2101
 N,2100
lf,2092
nk,2081
oa,2056
 (,2055
og,2049
sl,2042
sm,2024
 j,2019
Ma,2000
 O,1975
't,1893
rv,1887
ph,1870
vo,1856
 J,1833
gs,1823
dd,1795
ik,1790
"l,",1784
gn,1749
Bu,1734
 q,1732
dy,1726
ps,1686
ks,1655
nf,1628
g.,1613
An,1601
Wh,1545
dl,1537
"g,",1526
m.,1509
Sh,1508
ju,1477
oy,1473
) ,1472
sk,1461
We,1453
19,1422
No,1401
xt,1375
"h,",1353
l.,1344
? ,1342
nv,1337
hy,1316
Ch,1305
bs,1304
oe,1303
So,1292
eq,1280
..,1274
: ,1269
tc,1262
e',1260
Mr,1258
yi,1254
0 ,1243
"m,",1197
rp,1174
00,1156
sy,1156
e-,1153
A ,1138
Lo,1136
ze,1107
St,1102
lk,1077
Ca,1072
jo,1072
dg,1071
Br,1065
ws,1061
t',1030
Ho,1029
e;,1029
Mi,1028
Pa,1027
je,1020
gg,1009
wr,1008
lm,992
iz,983
Al,976
eh,971
 K,969
Be,969
Ro,969
rf,950
Ha,948
 2,947
Pr,947
Yo,945
lv,944
Mo,928
sw,926
x ,900
Fr,898
h.,890
"o,",890
Fo,882
 Y,877
xc,877
Go,869
I',868
La,864
dn,851
cy,846
xi,842
Re,835
Ge,817
xa,800
Wi,796
"k,",783
Se,782
On,771
 V,770
To,768
k.,763
As,759
Hi,759
Si,753
ix,744
Jo,741
rb,740
Gr,731
tm,727
sn,725
d;,714
r-,709
o.,705
ek,700
Ba,692
E ,692
eb,688
uf,685
Le,680
If,678
nm,678
 U,675
r',670
De,668
hn,665
Pe,651
bt,647
ya,646
"a,",637
yt,637
p.,636
&p,625
wl,621
dv,617
lp,615
Do,614
 3,606
Fi,606
-s,605
Bo,602
bj,596
! ,595
t-,589
Wa,588
lw,588
ym,582
rw,580
-c,573
sf,573
dm,572
En,571
Sa,570
ax,567
y',565
yp,559
"w,",557
Li,555
xe,555
Su,549
Ju,548
n-,547
Un,544
y-,540
'd,539
eu,536
 \,535
Ne,532
a.,529
Me,527
10,524
rh,523
TH,510
95,505
ox,505
Af,503
'l,500
Na,500
Di,497
2 ,494
Da,490
HE,490
Am,484
d-,483
Sc,482
s',482
kl,481
Ar,480
iu,479
hs,477
-t,472
Tr,472
u',467
w.,467
l-,466
&e,464
' ,463
bb,462
cs,462
o-,461
e?,458
At,454
b ,454
ER,452
Fa,450
yl,450
Po,441
).,435
s;,434
5 ,433
1 ,432
az,427
-p,421
S ,420
ah,418
f.,418
-f,416
"),",413
oh,412
Ga,410
IN,407
"p,",406
i ,403
 4,393
Ja,392
lr,391
nw,390
Ta,389
ae,384
"f,",384
Ru,381
ON,380
hl,377
gy,375
 5,374
",0",374
-b,374
N ,374
gt,374
-o,373
"0,",368
18,366
Du,364
-l,356
Bi,355
 6,354
Te,354
Vi,353
nh,353
-r,350
-d,349
yc,346
Of,344
sq,344
Ev,343
Wo,343
0.,342
".,",339
4 ,339
AN,339
'm,338
Ye,338
s:,335
T ,331
sb,330
t?,328
'v,327
a;,327
Cl,324
RE,322
20,320
yn,320
c.,318
Ea,317
Ki,316
Fe,315
-m,309
60,308
Or,308
g-,307
iq,307
96,305
d',305
R ,303
f-,303
Ra,301
pm,301
OR,299
"1,",295
50,295
Sp,295
EN,294
za,293
By,292
Ce,292
dw,292
&f,290
h-,290
py,290
Ke,289
15,288
3 ,288
d:,288
-a,287
AR,286
lc,286
mn,286
-w,284
Ac,282
Dr,282
t;,282
s?,281
'r,280
lb,280
uo,280
El,279
Je,279
nj,278
-h,276
Cr,276
D ,270
aj,270
hm,270
Au,269
C.,267
-e,266
zi,264
ky,263
Y ,257
(1,255
fy,255
Hu,254
Mu,254
Ni,254
Eu,252
b.,252
ES,251
Ed,251
 Q,248
30,248
Ap,248
TE,248
ka,243
Qu,242
1.,240
6 ,239
Ve,239
Ri,237
s),237
8 ,235
16,234
bv,234
-i,233
17,233
AL,233
(a,232
lg,232
Is,229
My,226
Gi,225
TI,224
tf,224
A.,222
Ex,222
12,221
AT,221
S.,221
l',221
e:,219
nq,215
Pl,214
ST,211
tn,209
vy,209
yd,207
yr,207
IT,206
xh,206
Ka,203
n;,203
NE,202
 7,201
2.,201
Ad,201
o',200
nr,200
s-,200
ux,200
NG,199
u.,198
9 ,196
Pi,195
RA,195
ja,195
Va,193
"u,",193
Bl,192
 ~,191
R.,189
RI,188
"c,",188
i.,188
NT,187
ml,186
yb,186
a',183
n?,183
 8,179
Ag,178
e),178
y?,178
1),176
1/,176
Cu,176
3.,175
LE,175
Ou,175
14,174
CH,174
d?,174
r;,174
  ,173
TO,173
Ci,172
IS,172
y;,172
7 ,171
RO,171
e!,171
94,170
uy,170
Pu,169
g;,169
zo,169
.),167
"2,",167
;1,167
25,165
HA,165
nb,165
ej,164
l;,164
&a,163
Es,163
y:,163
yw,163
Ph,161
oz,161
ND,160
wd,160
40,159
M.,158
IC,157
k-,157
ln,157
r?,157
13,156
4.,156
F ,156
mf,155
DE,154
OU,154
cq,154
Ab,153
LI,153
MA,153
 0,152
.C,152
UR,152
2),151
"5,",151
-g,150
11,150
i-,149
L ,148
fs,148
 9,147
ED,147
E.,145
Gu,145
Oh,145
CO,144
gd,144
B.,142
IO,142
OF,141
dj,141
SE,140
-1,139
LL,139
Tu,139
21,136
59,135
61,134
EA,134
ME,134
\d,134
(2,133
93,133
a-,133
Lu,132
"3,",131
90,131
EL,131
LA,131
ez,130
wt,130
Fu,129
(t,128
Ti,128
/2,127
91,127
hb,127
.1,126
 z,125
"4,",125
Fl,125
Ol,125
VE,125
xu,125
0-,124
H.,124
O ,124
gm,124
-y,123
FO,123
";,",122
Ir,122
Tw,122
n),121
.S,120
3),120
CE,120
D.,120
G ,120
t!,120
CA,119
HO,119
 .,118
 Z,118
F.,118
"i,",118
n:,118
ET,117
uk,117
z ,117
;r,116
US,116
np,116
TR,115
b;,115
ko,115
t:,115
"x,",115
"8,",114
(w,113
IL,113
W.,113
-u,112
6.,112
5.,111
7.,111
sd,111
(i,110
80,110
"9,",110
Em,110
qb,110
8.,109
H ,109
d),109
df,109
hw,109
s!,109
SI,107
y),107
J.,106
tp,106
24,105
AS,105
Oc,105
RT,105
TA,105
"b,",105
m-,105
&s,104
zz,104
DI,103
Ox,103
t),103
"6,",102
Gl,102
p-,102
sg,102
"7,",101
nx,101
92,100
OM,100
Ai,99
a),99
bm,99
w-,99
.A,98
x.,98
&d,97
.2,97
9.,97
Sm,97
= ,96
tz,96
 =,95
GE,95
HI,95
r&,95
56,94
58,94
LO,94
kf,94
(o,93
Im,93
PE,93
-C,92
AC,92
G.,92
70,91
B ,91
AM,91
Ji,91
35,90
1s,90
P.,90
u?,90
5),89
h',89
hd,89
22,88
23,88
C ,88
W ,88
k',88
r),88
(b,87
28,87
MO,87
Mc,87
OL,87
U.,87
r:,87
uv,87
yg,87
0s,86
4),86
CT,86
Rh,86
Sw,86
UN,86
g?,86
57,85
NO,85
;2,84
ao,83
tb,83
wy,83
-2,82
.5,82
55,82
NS,82
d&,82
(s,81
AP,81
Op,81
dh,81
p;,81
45,80
;.,80
IA,80
m',80
xf,80
-n,79
EE,79
IE,79
m;,79
(3,78
26,78
Sl,78
kg,78
PR,77
hf,77
.e,76
27,76
P ,76
RS,76
l?,76
kw,76
xy,76
-k,75
54,75
EC,75
Ot,75
T.,75
db,75
BE,74
RD,74
SH,74
b),74
cm,74
.4,73
n!,73
oj,73
 ',72
% ,72
0),72
KE,72
&l,71
.3,71
31,71
33,71
AY,71
N.,71
b-,71
o?,71
RY,70
nz,70
zy,70
'S,69
0&,69
IR,69
MI,69
NA,69
 x,68
&r,68
51,68
FA,68
PO,68
d!,68
sr,68
x-,68
(T,67
75,67
;4,67
AI,67
K ,67
Ly,67
NI,67
c;,67
td,67
v.,67
(p,66
AD,66
Sy,66
WA,66
WE,66
WI,66
OW,65
SS,65
dc,65
l&,65
y!,65
52,64
M ,64
PA,64
 X,63
.0,63
;3,63
i',63
m?,63
LD,62
Wy,62
g',62
.m,61
6d,61
Er,61
ID,61
UT,61
zl,61
-A,60
;5,60
OO,60
SO,60
TU,60
vr,60
53,59
NC,59
OT,59
Ob,59
PI,59
Vo,59
w',59
(c,58
36,58
49,58
6),58
7),58
CK,58
TS,58
t&,58
v ,58
.g,57
63,57
L.,57
OS,57
Us,57
WO,57
aa,57
bd,57
uz,57
/4,56
34,56
38,56
6-,56
I.,56
.D,55
EV,55
Ei,55
Kr,55
MP,55
PT,55
g&,55
h?,55
(4,54
'c,54
-M,54
-S,54
29,54
Kn,54
Nu,54
xo,54
1-,53
37,53
5-,53
73,53
BA,53
BY,53
CI,53
EM,53
GH,53
Ku,53
OD,53
OP,53
VI,53
WH,53
z.,53
42,52
88,52
;s,52
DO,52
FR,52
O.,52
Ov,52
TT,52
Ty,52
i&,52
kr,52
43,51
47,51
8),51
9),51
g:,51
k?,51
kh,51
lh,51
pb,51
w?,51
(f,50
-B,50
72,50
Av,50
FI,50
Lt,50
SU,50
TV,50
Ya,50
.M,49
.P,49
39,49
BO,49
FE,49
IG,49
V ,49
vu,49
(e,48
83,48
89,48
AG,48
DA,48
OC,48
RN,48
SP,48
r!,48
wf,48
);,47
01,47
32,47
65,47
81,47
;t,47
EW,47
Ko,47
PL,47
RC,47
RL,47
g!,47
m&,47
m),47
-G,46
4-,46
41,46
46,46
48,46
Et,46
GR,46
dp,46
hc,46
s&,46
(S,45
44,45
Eg,45
LY,45
h!,45
"z,",45
.R,44
62,44
Hy,44
JO,44
tg,44
wk,44
;e,43
AB,43
BR,43
pw,43
;g,42
CL,42
GO,42
Up,42
dt,42
(A,41
(C,41
.B,41
.E,41
3-,41
;l,41
Sn,41
Ze,41
pn,41
rz,41
(I,40
- ,40
2-,40
K.,40
Ll,40
l!,40
l),40
EY,39
GA,39
IV,39
NN,39
OY,39
SA,39
UL,39
\p,39
k;,39
"o""",39
(D,38
(F,38
(M,38
(n,38
.F,38
-v,38
85,38
DU,38
IM,38
OV,38
c),38
n&,38
",5",37
-P,37
.W,37
.p,37
05,37
;7,37
Ps,37
SC,37
V.,37
o!,37
p',37
(h,36
-R,36
.9,36
66,36
84,36
8t,36
BU,36
Cz,36
cL,36
ji,36
l:,36
kb,36
ku,36
~I,36
-4,35
04,35
82,35
"A,",35
LT,35
gb,35
km,35
o;,35
(5,34
-L,34
.6,34
0t,34
74,34
97,34
EP,34
RR,34
\b,34
\s,34
dk,34
m:,34
wc,34
(H,33
++,33
-W,33
.8,33
.I,33
BI,33
EX,33
Wr,33
kt,33
yf,33
-D,32
02,32
8-,32
99,32
AF,32
Ay,32
\t,32
(P,31
-5,31
5t,31
86,31
6t,31
AK,31
EF,31
"Y,",31
YO,31
wu,31
~T,31
 -,30
(m,30
03,30
06,30
64,30
9-,30
;a,30
CR,30
Cy,30
GI,30
IW,30
LU,30
MM,30
Q ,30
f&,30
h),30
yh,30
&i,29
&o,29
09,29
78,29
98,29
FT,29
KI,29
MR,29
RM,29
RU,29
U ,29
TY,29
X ,29
\l,29
a?,29
dz,29
p&,29
(l,28
-E,28
-T,28
5s,28
87,28
;c,28
;n,28
"B,",28
Ah,28
Ec,28
HU,28
UG,28
VA,28
bh,28
g),28
mt,28
(d,27
2n,27
2s,27
68,27
79,27
8s,27
BL,27
"D,",27
DS,27
FF,27
IP,27
KA,27
"N,",27
QU,27
UC,27
Zi,27
fn,27
k),27
"u""",27
vl,27
wb,27
'e,26
(L,26
.O,26
.U,26
4t,26
AU,26
HT,26
IF,26
Ia,26
RK,26
Sq,26
UE,26
Ul,26
cN,26
sv,26
(B,25
",1",25
",3",25
3/,25
76,25
;6,25
;m,25
"E,",25
EI,25
"I,",25
NU,25
PH,25
Os,25
Ow,25
\v,25
c-,25
o),25
mh,25
p?,25
rq,25
u!,25
'a,24
(N,24
5%,24
3r,24
67,24
CU,24
GU,24
Gh,24
UM,24
UP,24
VO,24
\a,24
\k,24
bn,24
ih,24
pk,24
uu,24
wp,24
yk,24
(J,23
(R,23
",4",23
-F,23
.7,23
07,23
AE,23
EG,23
HN,23
Gw,23
MS,23
OH,23
PP,23
"S,",23
Rs,23
Sk,23
X-,23
Zo,23
cC,23
e&,23
h:,23
iy,23
m!,23
w),23
wm,23
(8,22
(W,22
",2",22
-6,22
.G,22
08,22
71,22
7s,22
;8,22
"C,",22
Eq,22
Kh,22
LS,22
aq,22
cD,22
cG,22
cd,22
cz,22
dq,22
h&,22
mr,22
w;,22
"""n",21
):,21
.V,21
.s,21
6s,21
9t,21
;C,21
MY,21
OB,21
PU,21
Zu,21
c&,21
4N,20
:1,20
AV,20
CC,20
CJ,20
Iv,20
"R,",20
UI,20
YE,20
\c,20
tk,20
xb,20
",6",19
-9,19
-J,19
0',19
77,19
EO,19
FL,19
HR,19
KS,19
NK,19
OK,19
PS,19
Py,19
RG,19
\n,19
a!,19
gf,19
k!,19
kd,19
o:,19
oq,19
pf,19
yz,19
~H,19
(6,18
",8",18
.;,18
-q,18
0%,18
3s,18
7-,18
7t,18
AH,18
DR,18
DY,18
GS,18
HY,18
JU,18
LK,18
N',18
OI,18
TL,18
\C,18
\e,18
fc,18
rj,18
"v,",18
(7,17
(G,17
(r,17
",9",17
.-,17
.K,17
.T,17
9d,17
;;,17
;o,17
Ae,17
Ef,17
MU,17
Ny,17
Od,17
Om,17
YS,17
fg,17
"i""",17
gw,17
ii,17
kp,17
mg,17
rx,17
u&,17
yu,17
" ,",16
"""v",16
&n,16
",7",16
-H,16
.H,16
-j,16
.c,16
4&,16
69,16
D',16
Il,16
Q.,16
"T,",16
T-,16
TW,16
UA,16
UD,16
Y.,16
b&,16
mv,16
mw,16
xl,16
!),15
(\,15
-3,15
/8,15
1a,15
5&,15
DD,15
Dy,15
I?,15
J ,15
JA,15
OA,15
"U,",15
TM,15
Wu,15
YD,15
\D,15
\r,15
x',15
xw,15
~W,15
"""l",14
(&,14
(9,14
(E,14
.',14
-I,14
-K,14
2%,14
2:,14
2i,14
A-,14
D-,14
GL,14
Ic,14
JE,14
O',14
UB,14
WN,14
WY,14
mc,14
v&,14
uw,14
vs,14
~D,14
'A,13
&c,13
+ ,13
.N,13
.h,13
2&,13
3d,13
?),13
Ey,13
Kl,13
NW,13
RB,13
T',13
"V,",13
Ur,13
Ut,13
WP,13
WS,13
Za,13
\w,13
a:,13
c',13
e2,13
f:,13
k:,13
kk,13
uh,13
 $,12
'u,12
(u,12
-0,12
.&,12
.L,12
0;,12
/o,12
3t,12
7:,12
;),12
A),12
BB,12
BC,12
E-,12
FU,12
HG,12
NF,12
NV,12
NY,12
R1,12
SK,12
SL,12
Ts,12
XP,12
YA,12
ZE,12
\g,12
b1,12
cf,12
e/,12
f',12
f?,12
p!,12
u-,12
sz,12
w!,12
xq,12
~G,12
&P,11
)),11
'i,11
'y,11
"+,",11
-7,11
/d,11
0m,11
3:,11
2d,11
4s,11
;9,11
C-,11
EB,11
Ep,11
"H,",11
"J,",11
Ib,11
MB,11
OG,11
TC,11
Ug,11
\P,11
\f,11
cE,11
d/,11
f),11
hp,11
kc,11
p),11
sj,11
v',11
zu,11
~A,11
~M,11
 +,10
'n,10
(g,10
.?,10
/c,10
2A,10
2B,10
1b,10
1d,10
2f,10
5;,10
4d,10
:2,10
9s,10
A&,10
AX,10
AZ,10
Aw,10
CD,10
DG,10
GM,10
I-,10
IB,10
Id,10
L/,10
LP,10
LW,10
OE,10
Oa,10
PM,10
R3,10
S',10
RV,10
SM,10
YN,10
a&,10
b',10
cw,10
j ,10
hh,10
k&,10
n2,10
q.,10
~Y,10
"""r",9
"%,",9
"',",9
'T,9
(O,9
-V,9
/1,9
/5,9
/R,9
1&,9
1:,9
0f,9
5/,9
6:,9
6;,9
;&,9
;-,9
;N,9
;p,9
B),9
DW,9
EU,9
N-,9
R-,9
R2,9
Qo,9
UK,9
Yu,9
\M,9
\m,9
"a""",9
b?,9
bc,9
bw,9
f!,9
f;,9
lz,9
o&,9
p:,9
yy,9
~O,9
~S,9
%.,8
'I,8
&h,8
(U,8
(v,8
-O,8
0:,8
1%,8
2;,8
2t,8
4:,8
;b,8
AW,8
Bw,8
E',8
DM,8
Cm,8
E6,8
EK,8
"F,",8
Ee,8
GN,8
HL,8
IK,8
"K,",8
"L,",8
KN,8
LF,8
"M,",8
LV,8
MT,8
Mm,8
RP,8
S:,8
"X,",8
XI,8
XT,8
YC,8
c:,8
i+,8
m2,8
lj,8
u;,8
"""d",7
"""h",7
&E,7
'&,7
'.,7
&g,7
'O,7
(0,7
-8,7
.d,7
3%,7
3&,7
6/,7
8:,7
:4,7
;d,7
CS,7
CW,7
CY,7
E1,7
EQ,7
HS,7
IU,7
IZ,7
K',7
L',7
RF,7
SW,7
SY,7
Sz,7
UF,7
ZI,7
\G,7
\h,7
\i,7
\y,7
cA,7
fw,7
i!,7
i),7
ij,7
m%,7
t1,7
x;,7
yx,7
~(,7
~C,7
~N,7
~P,7
(K,6
'p,6
/3,6
/6,6
.Y,6
0d,6
1t,6
3A,6
4/,6
4;,6
3f,6
4f,6
4i,6
7&,6
7;,6
6f,6
6i,6
:3,6
;',6
;j,6
A',6
Az,6
Cf,6
E3,6
L-,6
LM,6
Mb,6
NH,6
O-,6
Mn,6
Ng,6
Nk,6
OX,6
"Q,",6
Ok,6
PY,6
R&,6
R',6
RW,6
SN,6
SR,6
V1,6
"W,",6
YI,6
YR,6
\K,6
\O,6
\S,6
"e""",6
i?,6
iw,6
w&,6
uj,6
w:,6
y&,6
zk,6
 ?,5
"""c",5
$1,5
"""t",5
(q,5
+2,5
",.",5
-&,5
-U,5
.:,5
.a,5
0=,5
/k,5
1;,5
2a,5
6%,5
7%,5
5f,5
8;,5
9%,5
7m,5
9:,5
Aa,5
C',5
C),5
C2,5
BS,5
DF,5
DL,5
E:,5
EH,5
"G,",5
GT,5
IX,5
Ip,5
L&,5
KL,5
LC,5
LR,5
NM,5
"P,",5
Oi,5
Oo,5
Pn,5
RH,5
SF,5
Ry,5
TF,5
TN,5
Sr,5
V&,5
V/,5
YL,5
YM,5
YT,5
\B,5
\F,5
\H,5
\I,5
aP,5
cK,5
h/,5
hk,5
l/,5
n+,5
p2,5
"q,",5
x&,5
x),5
z',5
xs,5
yv,5
zt,5
~F,5
~L,5
 :,4
!.,4
"""s",4
'C,4
'H,4
(+,4
'L,4
&t,4
&u,4
'o,4
(V,4
(X,4
+1,4
+v,4
/-,4
.Q,4
.f,4
.t,4
.w,4
/p,4
0a,4
2/,4
1l,4
2m,4
4C,4
5',4
5(,4
4a,4
5R,4
5S,4
5d,4
5m,4
8&,4
8i,4
:7,4
9f,4
;F,4
;I,4
;W,4
;Y,4
=a,4
A;,4
B1,4
Ax,4
D&,4
Bs,4
Bt,4
DC,4
Cs,4
G-,4
GY,4
I!,4
HM,4
JI,4
K-,4
M',4
LG,4
M+,4
N:,4
Mg,4
NL,4
NR,4
NZ,4
S&,4
RQ,4
T:,4
Sf,4
WL,4
WR,4
XA,4
Y',4
Y-,4
YF,4
ZA,4
Yi,4
\A,4
\L,4
\W,4
\o,4
\u,4
a1,4
a2,4
b!,4
c?,4
cT,4
e+,4
cn,4
h0,4
gk,4
hg,4
j0,4
hq,4
kv,4
mM,4
n8,4
t2,4
uq,4
x!,4
x?,4
zn,4
zr,4
zs,4
zv,4
zw,4
"!,",3
"""b",3
'U,3
'f,3
(Q,3
(Y,3
(k,3
(y,3
",)",3
"-,",3
.!,3
-\,3
/7,3
/9,3
-x,3
0/,3
.r,3
2(,3
0l,3
1m,3
2N,3
1r,3
3;,3
3B,3
2b,3
4%,3
3l,3
3m,3
8/,3
7d,3
9;,3
:8,3
;A,3
;D,3
;G,3
;O,3
;P,3
;S,3
;h,3
;i,3
;k,3
;v,3
"?,",3
?.,3
B&,3
B-,3
B:,3
B;,3
C1,3
D),3
Bh,3
CM,3
E!,3
E),3
DN,3
E?,3
F&,3
Ds,3
Eh,3
Ew,3
H&,3
H',3
H-,3
GW,3
HB,3
HC,3
Gn,3
HP,3
Hg,3
Ig,3
L!,3
KY,3
LB,3
M&,3
M2,3
Ky,3
Lh,3
"O,",3
P),3
PQ,3
SD,3
Rt,3
T?,3
U',3
Tc,3
W',3
Um,3
VT,3
VY,3
X.,3
XC,3
XH,3
Zn,3
Zz,3
aM,3
c!,3
bf,3
bg,3
cI,3
cP,3
g2,3
fx,3
gc,3
i:,3
i;,3
jr,3
mk,3
q ,3
pg,3
r/,3
s2,3
t0,3
vk,3
vv,3
zJ,3
yj,3
zh,3
zm,3
~B,3
~E,3
 ),2
"""g",2
"""m",2
$0,2
$3,2
$7,2
"""w",2
&O,2
'2,2
'B,2
'D,2
(=,2
'b,2
'h,2
'k,2
)?,2
(j,2
+.,2
",i",2
-N,2
-Y,2
-Z,2
.J,2
0!,2
1',2
1+,2
0i,2
2+,2
2=,2
1c,2
1f,2
1h,2
1i,2
1q,2
4',2
4(,2
2l,2
4B,2
3a,2
3i,2
5:,2
6(,2
4m,2
4p,2
5U,2
5a,2
5c,2
6M,2
7/,2
8',2
6l,2
7N,2
7a,2
9/,2
8U,2
8d,2
8f,2
:-,2
8m,2
:5,2
;0,2
;=,2
;M,2
;T,2
=0,2
;q,2
=C,2
A=,2
A?,2
AA,2
B',2
AJ,2
AO,2
BM,2
Aq,2
D!,2
CG,2
CQ,2
E&,2
Cd,2
DJ,2
Cj,2
DT,2
DV,2
F),2
F-,2
F;,2
Eb,2
FS,2
GB,2
GG,2
Ft,2
H:,2
Gy,2
IQ,2
J2,2
Hr,2
Ie,2
Io,2
K1,2
K;,2
K?,2
KG,2
KR,2
M-,2
M1,2
N),2
ML,2
NB,2
O&,2
NP,2
O1,2
O2,2
P;,2
Oy,2
R!,2
QP,2
S!,2
S-,2
S?,2
U),2
V',2
V-,2
Tq,2
VH,2
W),2
Uh,2
Uk,2
VR,2
X',2
X/,2
X1,2
X2,2
X3,2
X4,2
Vu,2
Vy,2
XE,2
Y?,2
Z ,2
YH,2
Z),2
Xi,2
Z.,2
YP,2
\R,2
\T,2
\U,2
a0,2
aQ,2
c0,2
d0,2
cW,2
e(,2
e8,2
eM,2
g+,2
g/,2
g1,2
fb,2
fp,2
gp,2
gz,2
"j,",2
m0,2
m1,2
p1,2
pH,2
pc,2
pd,2
pz,2
tj,2
tv,2
x:,2
z1,2
z2,2
zb,2
zd,2
~J,2
~K,2
