en,334609
er,305581
n ,288914
e ,209251
ch,208594
r ,174267
 d,165700
de,163773
ie,152413
ei,147146
te,143077
in,141390
un,127507
t ,122176
nd,117368
ge,105444
s ,102145
st,87650
ne,85890
es,84978
re,80747
be,78535
he,78515
", ",76401
ng,76349
it,74809
ic,73891
an,73311
 e,72961
d ,70189
 a,69856
is,67196
se,66105
 s,65177
 i,64776
sc,63745
 u,63097
di,62396
le,57223
on,56822
au,54727
m ,54395
h ,53851
el,53692
 w,52933
ti,52353
li,52166
nt,50380
al,47469
 S,45341
ra,42305
g ,41750
ss,41122
si,40880
rt,40063
at,39718
ar,39701
as,39660
me,39619
et,39592
ns,39170
 v,38883
ll,38270
ht,38147
or,37928
zu,36754
 b,36096
hr,35974
 g,35842
we,35432
ur,35288
us,34683
 m,34563
ri,34334
 z,34298
em,33709
n.,33510
ha,32923
ig,32019
da,31961
 A,31367
ni,30939
rs,30643
 B,30335
wi,29518
 n,29143
rd,29123
 E,28048
ro,27691
mi,27392
eh,26806
nn,26676
 f,26397
vo,25764
 M,25760
ta,25423
"n,",25223
lt,25178
la,25103
 P,24854
ve,24475
na,24099
ts,23786
tr,23585
	D,23541
ol,23527
uf,23243
ir,22880
 h,22858
ru,22849
ke,22742
 K,22625
io,22588
il,22308
eg,22303
 G,22261
l ,21857
ür,21767
ze,21692
tz,21594
 F,21381
 k,21062
ma,20830
ut,20445
fü,20387
u ,20091
ac,20087
im,19910
kt,19661
am,19620
 D,19551
um,19261
 W,19199
rn,19151
so,19108
eu,18781
fe,18678
eb,18672
ab,18560
ag,18456
tu,17806
Di,17584
ed,17547
 V,17487
uc,17186
ah,16942
 R,16887
mm,16857
t.,16495
hl,16370
Be,16187
 I,16136
ft,15973
 T,15880
tt,15856
f ,15635
om,15065
hi,14884
ls,14372
rg,14313
 L,14309
ck,14298
 H,14214
rb,13934
rk,13633
sa,13377
wa,13216
ec,13197
sp,13168
nz,12839
bi,12795
du,12755
i ,12671
Ge,12597
Ve,12580
gs,12474
gi,12457
hn,12440
St,12413
"t,",12370
In,11984
pr,11727
nk,11641
ka,11617
Pr,11570
Si,11418
ko,11283
De,11112
lu,11074
a ,10991
zi,10817
af,10815
rm,10753
od,10614
 l,10560
ue,10524
tl,10468
rl,10301
gr,10242
Au,10215
fa,10186
ek,10124
ga,10113
 o,10108
20,9959
pe,9923
nu,9915
o ,9901
nf,9801
oc,9797
 U,9673
ik,9632
We,9610
ef,9559
ff,9559
 Z,9537
Re,9440
 N,9438
rf,9434
to,9413
fo,9391
os,9289
gt,9193
op,9172
7	,9040
9	,9027
1	,9012
0	,9007
4	,9004
8	,9004
3	,8997
5	,8991
gl,8990
6	,8961
2	,8956
: ,8824
Sc,8774
lo,8748
hm,8660
Wi,8657
no,8639
üb,8509
ba,8489
Ma,8465
pa,8457
"e,",8342
än,8314
ot,8216
Da,8215
ew,8171
 J,8169
iv,8049
 2,8023
An,7996
Mi,7954
Ei,7850
k ,7809
id,7807
gu,7798
Ko,7780
	E,7742
 1,7736
vi,7658
rh,7575
	W,7562
tä,7555
hu,7532
ld,7531
 p,7509
Un,7489
rc,7448
ho,7415
00,7358
fi,7342
. ,7285
ad,7199
ih,7170
ät,7160
rz,7097
kl,6986
je,6978
 r,6906
Me,6906
 C,6888
su,6872
tw,6851
 ü,6837
e.,6814
	I,6770
ul,6742
	S,6741
z ,6699
 (,6671
- ,6658
rä,6639
Er,6612
wo,6517
01,6435
rü,6404
 t,6308
fr,6265
ug,6236
ku,6235
 O,6218
og,6085
br,6077
mu,5986
of,5979
ia,5939
 j,5846
Fr,5787
ob,5785
oh,5785
rr,5774
po,5721
üh,5630
ße,5624
ön,5594
ib,5565
bs,5538
Pa,5535
bl,5515
zt,5510
ün,5503
lä,5415
pi,5375
ak,5352
Gr,5331
Eu,5258
Ja,5236
Se,5234
19,5172
äh,5139
hä,5135
En,5082
r.,5079
mp,5075
hs,5065
Le,5059
0 ,5051
if,5037
Zu,5016
10,5009
Ha,4999
"r,",4977
wu,4966
Ar,4953
rw,4944
Vo,4927
är,4920
) ,4894
Te,4878
15,4839
zw,4822
lb,4775
kr,4722
ea,4711
Ba,4703
Ih,4696
Wa,4686
mo,4655
50,4636
nl,4619
b ,4579
12,4568
Na,4551
30,4550
14,4505
So,4457
ez,4433
Fa,4423
sk,4410
dr,4364
ub,4349
He,4331
th,4309
kö,4308
13,4307
99,4307
sg,4305
Sp,4280
11,4270
lg,4234
25,4215
40,4208
90,4128
ai,4127
80,4120
24,4109
21,4101
60,4092
70,4084
nb,4077
bu,4070
iz,4068
ln,4068
98,4052
22,4042
	A,4037
ör,4019
ep,4014
nh,4011
23,4010
do,4007
bt,4006
üc,4005
hw,4004
"s,",3998
27,3996
28,3993
Ka,3976
mt,3975
18,3964
26,3964
97,3947
La,3943
29,3925
fl,3924
96,3923
95,3921
35,3920
dl,3915
sb,3911
91,3901
94,3899
Üb,3898
45,3897
31,3893
93,3890
32,3864
75,3858
41,3850
65,3849
55,3846
38,3845
33,3843
42,3835
89,3835
uk,3832
57,3831
92,3828
36,3826
34,3824
39,3822
47,3821
83,3820
87,3820
48,3818
67,3816
74,3816
51,3815
54,3815
66,3815
88,3813
56,3811
77,3809
85,3808
52,3807
61,3806
43,3803
81,3803
63,3802
49,3801
	M,3800
82,3800
44,3794
64,3793
68,3793
69,3793
86,3793
46,3792
72,3792
79,3790
84,3789
ee,3788
16,3787
37,3786
58,3785
62,3785
76,3785
s.,3783
71,3779
78,3778
53,3777
73,3773
59,3771
17,3765
pp,3745
 „,3740
Ab,3697
ow,3665
"g,",3644
 -,3642
g.,3622
pä,3607
pf,3590
va,3565
Fo,3535
pl,3533
up,3479
ds,3476
hö,3429
Mo,3376
Po,3336
ud,3301
 Ü,3299
sm,3276
pt,3232
ce,3231
Kr,3221
lf,3214
sw,3186
sl,3183
sh,3168
ov,3152
äu,3151
07,3150
09,3130
	U,3118
tg,3118
bo,3094
Tr,3089
oz,3078
äs,3063
08,3056
ks,3016
Al,3012
02,3009
Bi,3007
Li,3000
wä,2991
Ra,2985
ms,2984
üs,2973
ok,2961
06,2957
Ze,2946
Es,2942
ap,2924
05,2920
04,2918
03,2917
äi,2912
mb,2896
Do,2892
	N,2882
Ne,2877
Ta,2842
sf,2840
d.,2835
tü,2832
Fe,2824
Wo,2792
ög,2769
äc,2756
aa,2751
ys,2746
Ku,2738
 –,2730
ou,2728
ua,2724
– ,2693
mö,2659
nc,2656
äl,2656
Hi,2631
Fi,2613
gn,2593
ex,2579
EU,2575
dt,2574
Sa,2564
Ho,2551
y ,2544
üt,2476
Im,2468
Um,2460
rp,2431
" """,2424
av,2416
	F,2395
Bu,2385
tn,2375
rv,2372
fu,2357
rö,2350
n-,2343
	H,2329
ös,2329
Kl,2326
oß,2322
nw,2319
oj,2318
Br,2307
nm,2293
Co,2285
äg,2280
	Z,2264
“ ,2251
	V,2212
eo,2186
pu,2181
"d,",2177
lk,2149
"h,",2137
lc,2137
lm,2133
gk,2132
Th,2114
mü,2112
	G,2102
az,2089
üg,2081
5 ,2073
Ro,2059
oo,2048
s-,2041
aß,2039
Ga,2037
n:,2032
Ki,2030
-S,2026
Ju,2025
ip,2017
hk,2012
Vi,2005
nv,1993
ev,1983
fä,1979
sr,1952
	B,1930
 3,1920
h.,1870
sv,1868
uß,1864
"l,",1852
öf,1844
za,1826
Pe,1823
äf,1811
Zi,1796
Or,1784
l.,1784
tb,1776
e-,1774
Ch,1773
eß,1757
wü,1757
ki,1750
fg,1745
fs,1740
Fü,1739
lz,1736
Dr,1734
nr,1732
Fl,1726
Ic,1720
No,1712
""" ",1684
Du,1677
sz,1675
Pl,1668
tf,1652
n?,1647
nä,1638
dn,1572
2 ,1560
	K,1551
sä,1545
ca,1544
bg,1525
t-,1520
Bü,1512
4 ,1483
ül,1483
To,1480
-M,1463
r-,1453
Ri,1444
-P,1442
Ak,1434
Bo,1431
sy,1430
öh,1408
Mu,1396
zl,1396
Ni,1394
tm,1392
ph,1390
lü,1388
3 ,1377
 c,1368
qu,1367
Ti,1360
Nu,1355
hü,1336
ja,1331
Ru,1325
 4,1315
-A,1305
Bl,1297
Os,1297
 5,1290
uh,1290
1 ,1288
U-,1283
.0,1270
p ,1261
U ,1249
mä,1227
-B,1222
a.,1219
Sy,1210
Ca,1209
	P,1205
äd,1202
ml,1199
Gl,1191
kü,1186
Go,1182
ly,1182
	J,1174
xi,1170
iu,1168
iß,1155
go,1153
bn,1149
xt,1146
ß ,1144
Su,1140
Ke,1139
öc,1138
1.,1128
	T,1124
Je,1115
co,1115
 ö,1109
t:,1109
v ,1109
	L,1103
fn,1103
mf,1103
A ,1100
-K,1098
sd,1097
tp,1090
öl,1085
l-,1080
Ob,1072
El,1063
ßt,1047
Lo,1044
dh,1044
nü,1035
).,1030
zo,1027
Pu,1023
"a,",1022
np,1020
bü,1009
dw,1005
tv,1004
Ex,1000
Qu,994
ty,991
Am,985
z.,981
bz,979
e:,976
hb,976
lp,976
"k,",973
a-,965
n!,965
	O,963
Fu,962
Mö,955
öß,949
äm,942
..,941
"m,",941
8 ,940
Zw,934
7 ,933
 Q,922
0.,920
ui,913
Lö,905
2.,904
m.,902
Pf,899
Hu,898
lv,892
lö,891
 6,881
uz,877
Lu,875
xp,875
oa,869
 Ö,868
S ,863
mg,856
tk,853
	R,851
Ur,851
Lä,848
9 ,846
ps,839
w.,833
Wä,831
 »,817
ay,817
lr,816
hg,807
Mä,806
r:,806
 ä,803
hf,801
Op,799
6 ,795
k.,793
Cl,792
-V,789
w ,787
h-,785
f.,782
á ,782
Za,778
5.,776
» ,769
mw,765
öt,759
Mü,758
Jo,756
 0,755
gä,754
 7,751
 8,751
Ap,748
td,747
.2,739
-F,734
dg,731
n“,729
bw,728
hh,727
-R,726
o-,717
ax,715
US,714
Kü,710
E-,707
o.,704
As,703
zü,702
Pi,700
n),699
-T,698
ey,691
Kö,689
e),687
-L,685
"f,",683
í ,681
-G,680
3.,676
4.,676
bh,676
SA,674
üf,670
üd,668
 9,667
Gi,664
sn,662
yp,658
gh,657
äß,657
Hä,656
ci,650
Id,649
ju,648
Em,647
Gu,646
d-,644
hz,644
dü,643
T ,641
ct,638
P ,636
gg,635
Rü,630
fb,623
IN,618
B ,616
Ph,615
u.,615
-W,613
g-,609
ws,609
t?,608
ae,607
bä,606
Sh,605
Uh,605
kn,605
"),",603
yl,600
-D,599
"i,",598
ká,598
ry,597
nö,596
"n""",593
% ,592
-C,591
ßl,586
ßn,586
-E,583
ym,580
fö,579
(P,578
IT,575
fz,570
 Ä,567
-H,567
x ,564
 &,562
ny,560
& ,557
E ,556
bb,555
lh,555
kä,554
xe,554
s:,553
jä,551
"	""",548
tö,547
vö,545
 “,545
	Ü,539
On,537
7.,536
db,536
sö,536
Ad,535
i.,533
"z,",532
gü,527
ní,527
9.,526
8.,521
Va,520
t!,518
oi,517
6.,515
yn,515
Is,513
".""",507
dm,507
t),507
D ,504
kz,503
ye,499
zö,495
b.,492
i-,488
zä,484
At,483
ßi,479
/ ,477
Eb,477
Hö,476
c ,476
g:,474
uv,474
Tu,470
G ,469
; ,468
zb,468
""",",465
ER,465
B.,463
km,454
e“,454
-I,453
-u,452
t“,451
"o,",448
"“,",446
bk,445
tc,445
S-,442
Sü,442
.“,442
Ag,431
R ,431
“.,430
"-,",429
Ac,429
Fö,428
by,428
gb,426
gf,425
rI,423
zs,423
lw,422
"u,",420
Tü,418
ßb,418
aw,417
 /,415
é ,415
k-,407
Wu,404
hd,404
-N,403
mn,401
” ,401
Fä,400
dy,400
kf,399
"1,",398
T-,397
uw,397
.1,395
"0,",395
dk,395
oe,395
C ,394
IS,394
zg,393
O ,386
cl,384
l:,381
ww,380
kg,379
Ol,376
N ,375
… ,375
eq,373
"2,",372
z-,372
üß,372
Cr,370
ky,370
H ,368
ix,368
Ce,367
Wü,367
"""D",362
m-,359
""".",358
mk,358
sü,357
(M,356
cr,354
md,351
Af,347
Gä,347
Sl,346
NE,345
ES,343
kh,339
d:,337
wö,336
gw,335
Of,334
D-,333
EP,333
dd,333
zd,333
zm,330
hy,328
kw,326
ux,326
/1,324
vs,322
(S,319
TE,319
yo,319
e!,317
ej,316
EN,312
"b,",311
"e""",311
kk,311
L ,307
(E,306
Kn,305
Ös,304
Ok,303
Ev,302
fm,302
"t""",302
uo,301
 q,300
 Y,298
ök,297
I ,296
M ,296
W ,296
bH,296
fw,296
Ec,295
RE,294
/2,293
Gm,293
-U,292
IP,291
vá,290
"3,",289
Eh,289
Rh,289
zz,289
"4,",287
bf,287
yr,287
EG,283
e?,282
h:,282
kb,281
CO,280
Öf,280
.B,279
PD,279
„D,279
df,278
s),278
V ,276
0-,275
Nä,273
Sk,273
s“,273
ox,271
	C,270
"5,",270
ü,269
r),268
PA,267
Et,266
 :,265
 ',263
a),262
gm,262
:0,261
It,260
üm,260
NA,258
.e,257
TI,257
DI,256
.d,254
hv,254
r“,254
ST,253
Uk,253
bj,253
pü,253
öb,253
(1,252
II,251
"y,",251
zk,251
MI,250
LI,249
Ts,249
Tä,248
P-,247
dä,247
SE,246
SP,246
AG,244
fk,244
öd,242
Ir,240
cc,240
(O,239
g!,239
0%,238
CD,238
y-,235
zf,235
EI,234
dp,234
yc,234
yt,233
hp,232
"6,",231
Kä,231
UR,231
cu,231
gy,231
' ,230
TA,230
uu,230
A-,229
„S,229
iw,228
EF,227
ZB,227
fh,225
g),224
c.,222
-Z,221
ED,221
IC,220
Rä,220
(A,219
Sä,219
dc,218
Än,218
-1,217
Ci,217
wn,217
(2,215
Od,215
r?,215
DE,214
mz,214
öp,214
",5",213
CC,213
ná,213
AL,212
V.,212
g“,212
F ,211
ID,211
RI,211
C-,210
ké,210
K ,209
p-,208
Ed,207
EC,206
s?,206
xu,206
"""W",205
zp,205
-s,204
ON,204
SS,204
ře,204
(B,203
Hü,203
Zo,202
fp,202
AC,201
-O,200
„W,200
RA,199
Sm,199
Z ,199
Yo,199
dv,199
1-,198
0e,198
P),198
ya,198
AS,197
IE,197
cm,197
AN,195
"s""",195
gz,194
nj,194
r!,194
.a,193
Gü,193
ii,193
AT,191
OC,191
zr,191
"""E",190
Oh,190
Ul,190
„E,190
jü,189
kp,188
zy,188
-f,187
(D,185
"7,",185
EL,185
V-,185
rá,185
Är,185
-2,184
AR,184
OS,184
"""S",182
-J,181
"8,",181
Sz,181
bd,181
 %,180
rj,180
üp,180
Hy,179
« ,179
(z,178
ET,178
EA,176
Dü,176
ME,175
s!,175
"9,",174
gd,174
 X,173
3-,173
Md,173
NT,173
’s,172
2-,171
LE,171
f-,171
zh,171
AM,170
DP,170
OL,170
cy,170
mh,170
IB,169
Wh,169
0/,168
„A,168
Bä,167
(s,166
.o,166
RO,166
TT,166
"r""",166
CH,164
jo,164
Ef,163
dE,163
v.,163
(d,162
B-,162
z:,162
 …,162
AD,161
AP,161
FA,161
öm,161
KE,160
O-,160
SI,160
BI,159
oy,159
„B,159
• ,159
DS,158
sj,158
vu,158
Öl,158
"""Z",157
CE,157
NS,157
p.,157
zn,157
(C,155
CS,155
Cu,155
ví,155
 €,155
/5,154
5-,154
LA,154
Lü,154
Ök,154
	1,152
DR,152
Ji,152
„M,152
BA,151
EM,151
UN,151
aj,151
bö,151
u-,151
GE,150
LS,150
ßg,150
DA,149
EO,149
 «,148
NG,148
"g""",148
ěs,148
.V,147
1:,147
SC,147
iq,147
ä,147
y.,147
4/,146
LO,146
l!,146
"ß,",146
G-,145
I-,145
€ ,145
*i,144
S.,144
xa,144
n;,143
0:,142
3/,142
CT,142
Gö,142
TO,142
o:,142
4-,140
OP,140
j ,140
HE,139
cs,139
w-,139
MA,138
g?,138
ří,138
):,137
/3,137
n”,137
! ,136
(a,136
2),136
* ,135
(w,135
ký,135
án,135
̈r,135
.),134
DU,134
n/,134
Bö,133
Mw,133
Sw,133
"A,",132
A.,132
FS,132
PC,132
yk,132
.3,131
TV,131
b-,131
x-,131
„F,131
NK,130
SU,130
„P,130
EZ,129
o),129
„G,129
k:,128
kv,128
1),127
Us,127
ij,127
mr,127
	2,126
(i,126
SO,126
iö,126
"""I",125
CA,125
GB,125
Nü,125
Vö,125
n­,125
-t,124
":""",124
N-,124
MO,124
(H,123
(I,123
",A",123
TR,123
m:,123
GL,122
KP,122
PE,122
PI,122
VD,122
d),122
(F,121
r/,121
 —,120
„T,120
1/,119
Dä,119
LL,119
— ,119
〉 ,118
R-,118
my,118
y),118
 〉,118
"""A",117
(m,117
2/,117
Ai,117
EV,117
vé,117
äv,117
ín,117
„K,117
DF,116
® ,116
­t,116
.r,115
OR,115
RR,115
"""M",114
(G,114
(e,114
".,",114
GM,114
h!,114
lá,114
v),114
r­,114
vý,114
ßu,114
DG,113
P.,113
fv,113
xk,113
xo,113
	»,112
zv,112
äb,112
ář,112
ík,112
BE,111
I.,111
OM,111
PO,111
ýc,111
(n,110
-i,110
2:,110
IL,110
ao,110
h?,110
e­,110
yb,110
ÜN,110
če,110
Nr,109
Up,109
h),109
eä,109
lí,109
yd,109
"”,",109
 •,109
(K,108
EE,108
KW,108
Jü,108
l),108
GA,107
IV,107
sq,107
„L,107
 *,106
:3,106
PS,106
X-,106
gp,106
pz,106
­s,106
3),105
7/,105
M-,105
a:,105
„I,105
MB,104
 ‚,104
„d,104
"""B",103
8/,103
NF,103
Mě,103
!“,103
(N,102
(T,102
(b,102
0),102
5/,102
ND,102
Ty,102
pd,102
ů ,102
.5,101
bm,101
ý ,101
",2",100
Il,100
RT,100
U.,100
d!,100
f:,100
y:,100
äe,100
(V,99
-b,99
AB,99
MS,99
MT,99
OG,99
RD,99
s­,99
	“,99
4:,98
AU,98
IO,98
S),98
d?,98
„H,98
.”,98
4),97
L-,97
Tw,97
W-,97
-m,96
bv,96
wj,96
tř,96
(U,95
Ps,95
eč,95
tI,95
šo,95
d“,95
(o,94
-w,94
3:,94
6/,94
A),94
GO,94
Ou,94
RS,94
VP,94
WE,94
Y ,94
tí,94
/4,93
PZ,93
VI,93
"d""",93
m),93
ák,93
a“,93
(u,92
kd,92
äz,92
-p,91
5:,91
E.,91
Jä,91
c-,91
py,91
ré,91
(L,90
DK,90
GI,90
r*,90
-),89
-a,89
-g,89
9/,89
:1,89
DV,89
i­,89
mv,89
ßs,89
Gy,88
NR,88
UV,88
eH,88
ßa,88
	3,87
",4",87
DD,87
GR,87
"a""",87
ß.,87
’ ,87
"""G",86
(W,86
",7",86
-d,86
CR,86
DL,86
SD,86
→ ,86
éh,86
 →,86
"""H",85
Aa,85
CI,85
G),85
Zü,85
hj,85
ít,85
„e,85
",3",84
5),84
Hr,84
O2,84
"p,",84
mí,84
ác,84
„R,84
-h,83
By,83
SW,83
ič,83
̈n,83
B),82
G.,82
FR,82
nq,82
yg,82
t”,82
-l,81
FI,81
IF,81
"U,",81
lj,81
ám,81
řs,81
"""K",80
",1",80
.4,80
6-,80
7-,80
Rö,80
e/,80
"l""",80
rq,80
9:,79
BW,79
"D,",79
WI,79
t;,79
"w,",79
8-,78
BR,78
EB,78
HA,78
IA,78
IX,78
„C,78
GU,77
SV,77
TS,77
bc,77
vn,77
's,76
-j,76
Eg,76
H-,76
My,76
UB,76
ár,76
”.,76
D.,75
SB,75
d/,75
iš,75
rx,75
x.,75
Äg,75
l“,75
"""V",74
",0",74
-r,74
Ah,74
BM,74
M.,74
Ot,74
VO,74
ač,74
"x,",74
čk,74
„N,74
?“,74
še,74
e”,74
"!""",73
/6,73
9-,73
HG,73
TH,73
ři,73
"""N",72
(v,72
.c,72
FÜ,72
Zy,72
né,72
„a,72
k“,72
"""R",71
5%,71
Dy,71
HD,71
IG,71
PR,71
gj,71
hc,71
čn,71
h“,71
",6",70
-o,70
CP,70
GY,70
OD,70
ßh,70
ás,70
(3,69
+ ,69
6),69
8:,69
IZ,69
LT,69
TM,69
ZA,69
(f,68
AK,68
Aw,68
K-,68
MP,68
PK,68
SM,68
U),68
ßr,68
 Č,67
(R,67
 Š,67
.h,67
:4,67
DM,67
FE,67
IM,67
IR,67
NI,67
Zä,67
té,67
xz,67
“),67
n…,67
NL,66
OT,66
X ,66
XO,66
dz,66
eö,66
vy,66
­g,66
ßz,66
ál,66
íc,66
",9",65
E),65
OK,65
PL,65
"S,",65
UT,65
Wö,65
l?,65
ér,65
“-,65
 +,64
"""F",64
.:,64
MU,64
RM,64
VE,64
fé,64
"v,",64
­l,64
“D,64
„V,64
t’,64
"""d",63
6:,63
F!,63
Mr,63
PP,63
TU,63
Př,63
eC,63
gv,63
k),63
ji,63
oM,63
äp,63
m“,63
.-,62
D),62
Ds,62
FO,62
Ep,62
SY,62
Tö,62
̈b,62
ět,62
 x,61
-3,61
/E,61
F-,61
H.,61
HI,61
HO,61
WZ,61
eB,61
iP,61
ß-,61
„s,61
8),60
AI,60
GS,60
NC,60
NP,60
OB,60
"P,",60
Ví,60
eG,60
dö,60
n',60
lé,60
­n,60
ír,60
s”,60
LD,59
SH,59
SL,59
WA,59
e',59
ař,59
kc,59
mě,59
‘ ,59
 §,58
",8",58
-e,58
3D,58
:5,58
PM,58
RW,58
Ut,58
ZE,58
ö,58
ü ,58
	4,57
-k,57
I),57
HT,57
KO,57
LK,57
OE,57
YR,57
i:,57
iá,57
uj,57
tě,57
"""T",56
AV,56
CN,56
"R,",56
T.,56
cz,56
dě,56
u:,56
sé,56
„Z,56
ř ,56
AA,55
CL,55
m/,55
t/,55
ně,55
Av,54
GP,54
L.,54
Kf,54
iä,54
eš,54
iž,54
­m,54
	Q,53
	Ö,53
FD,53
IW,53
LU,53
R.,53
RC,53
fd,53
oč,53
▶ ,53
­d,53
 ▶,53
r”,53
žk,53
(g,52
/o,52
9),52
NO,52
VA,52
tj,52
xy,52
yi,52
ßv,52
	•,52
y“,52
	«,51
"""e",51
-c,51
FT,51
KA,51
Sn,51
Pä,51
UZ,51
eü,51
pc,51
ßw,51
ád,51
Če,51
„i,51
„n,51
0m,50
KI,50
Z-,50
Ya,50
v-,50
uš,50
Ži,50
"""P",49
"B,",49
DJ,49
F),49
GH,49
Hl,49
KM,49
SF,49
SG,49
SR,49
Vr,49
g/,49
9%,48
AO,48
EK,48
FC,48
Ly,48
T),48
eS,48
jn,48
"m""",48
pk,48
­r,48
´s,48
áb,48
„g,48
(„,48
"""L",47
%),47
.6,47
? ,47
"?""",47
AE,47
CF,47
"G,",47
"H,",47
HP,47
KK,47
PV,47
RN,47
UE,47
Vl,47
b:,47
"c,",47
a­,47
k!,47
m?,47
m²,47
t*,47
w),47
t­,47
ěl,47
%.,46
/N,46
:2,46
C.,46
CK,46
HC,46
KT,46
i),46
až,46
pn,46
ný,46
§ ,46
„m,46
-5,45
DC,45
Ea,45
KG,45
UM,45
Zá,45
a!,45
ée,45
„J,45
„O,45
„b,45
že,45
.8,44
/w,44
BB,44
MR,44
Om,44
R),44
Pk,44
WF,44
m!,44
oš,44
vě,44
už,44
ßf,44
át,44
“S,44
“W,44
šk,44
n’,44
	5,43
 ),43
"""s",43
( ,43
-v,43
/S,43
7),43
7:,43
EW,43
FL,43
KV,43
fc,43
"k""",43
vk,43
ég,43
či,43
„w,43
/8,42
DO,42
GK,42
HS,42
Dö,42
Ib,42
PH,42
bp,42
hq,42
aš,42
má,42
uy,42
vl,42
xc,42
„U,42
(0,41
/i,41
C),41
BO,41
Aq,41
NV,41
PG,41
RK,41
Ná,41
UG,41
p:,41
pm,41
z),41
št,41
t…,41
/R,40
BG,40
MM,40
Sv,40
Pö,40
RÜ,40
f!,40
k?,40
m2,40
vt,40
­b,40
² ,40
és,40
e…,40
g”,40
"""-",39
-n,39
/7,39
.s,39
IH,39
O.,39
OW,39
eM,39
cí,39
dř,39
n«,39
u),39
uG,39
vr,39
Äh,39
̈h,39
(6,38
-4,38
.9,38
DN,38
Cs,38
Cy,38
K),38
LP,38
N),38
Mc,38
OF,38
Oe,38
Uf,38
W.,38
gö,38
oř,38
žn,38
(p,37
7%,37
-Ž,37
> ,37
"C,",37
MD,37
PU,37
RP,37
TC,37
WD,37
WW,37
eP,37
e«,37
pw,37
n»,37
tá,37
"«,",37
"á,",37
čí,37
""")",36
"""O",36
",-",36
/A,36
AZ,36
BS,36
BV,36
Gh,36
K.,36
LM,36
MF,36
"V,",36
WO,36
Z:,36
"h""",36
rT,36
pö,36
wr,36
­f,36
öw,36
„k,36
o“,36
"""U",35
(4,35
(5,35
(r,35
-Q,35
FH,35
J ,35
LG,35
"M,",35
MW,35
O),35
NN,35
PN,35
RL,35
RU,35
SK,35
"T,",35
TW,35
UP,35
o­,35
· ,35
i“,35
(h,34
.7,34
/9,34
AF,34
"E,",34
HL,34
M),34
"N,",34
e;,34
dj,34
iř,34
tS,34
wl,34
áš,34
íř,34
čs,34
 ‘,34
„r,34
"""C",33
"""a",33
/D,33
BD,33
LN,33
UA,33
VR,33
a?,33
d',33
mc,33
yw,33
íd,33
ím,33
íč,33
“E,33
….,33
 >,32
(J,32
.M,32
.S,32
.»,32
@s,32
KS,32
RF,32
TK,32
V),32
b),32
i!,32
t',32
ož,32
­w,32
ßp,32
én,32
	…,32
ě ,32
„u,32
p“,32
z“,32
"""g",31
.A,31
.m,31
2%,31
8%,31
Az,31
CM,31
H),31
IK,31
L),31
PT,31
Ud,31
Vá,31
Zl,31
h­,31
sI,31
tq,31
äk,31
ýr,31
“:,31
“B,31
	Ä,30
 ;,30
(Z,30
.g,30
1%,30
3%,30
AQ,30
Ax,30
DH,30
DT,30
EX,30
GV,30
HU,30
Oc,30
Ry,30
SZ,30
TL,30
UC,30
VC,30
VS,30
Wl,30
eň,30
nE,30
oC,30
l­,30
r;,30
wd,30
yu,30
zc,30
Äu,30
ßm,30
ék,30
čo,30
’E,30
	Š,29
!),29
"""J",29
"""n",29
(k,29
-7,29
AW,29
E/,29
F.,29
HK,29
Py,29
Z.,29
aS,29
`s,29
dP,29
dS,29
qm,29
pé,29
wS,29
„f,29
š ,29
 @,28
-0,28
-8,28
/M,28
BP,28
FG,28
J-,28
J.,28
LZ,28
OI,28
P/,28
TY,28
W),28
"W,",28
WG,28
WT,28
f),28
kL,28
js,28
sG,28
­k,28
°C,28
"»,",28
ßk,28
áv,28
̈c,28
̈s,28
„h,28
L’,28
d’,28
	Y,27
&T,27
(t,27
/B,27
:-,27
BC,27
G&,27
RB,27
TZ,27
ZI,27
Yu,27
eR,27
iB,27
jm,27
kW,27
t(,27
u­,27
yh,27
uä,27
̈t,27
ěr,27
!”,27
ží,27
'1,26
-/,26
/W,26
7',26
N.,26
OO,26
TB,26
UL,26
Vy,26
bá,26
rš,26
zá,26
ém,26
“A,26
„v,26
f“,26
s…,26
.O,25
/C,25
5m,25
A4,25
BU,25
CB,25
FZ,25
Jh,25
KL,25
Jö,25
Q ,25
Ré,25
Wr,25
Zö,25
nB,25
k­,25
o?,25
rG,25
uT,25
vg,25
yf,25
­z,25
“T,25
“g,25
šn,25
l’,25
l”,25
	6,24
"""p",24
(8,24
",.",24
-z,24
A:,24
EH,24
HB,24
Gf,24
HR,24
LF,24
Ky,24
ML,24
NU,24
OA,24
OU,24
RG,24
Pü,24
WM,24
WP,24
Zn,24
dI,24
fy,24
nA,24
eř,24
s',24
pí,24
yz,24
▷ ,24
«.,24
 ▷,24
žs,24
 y,23
"""b",23
"""i",23
'.,23
 č,23
(7,23
(l,23
-Ü,23
BF,23
DB,23
Cz,23
FF,23
GT,23
"I,",23
Ig,23
"K,",23
Oz,23
WH,23
ZT,23
dí,23
nS,23
pb,23
r',23
s;,23
nč,23
u?,23
xx,23
uč,23
rů,23
»D,23
»S,23
ča,23
„p,23
řa,23
Št,23
"""w",22
-6,22
/-,22
0c,22
4d,22
?),22
AH,22
IU,22
KB,22
NZ,22
Ov,22
TG,22
UF,22
Vu,22
iy,22
bř,22
rP,22
t»,22
à ,22
á-,22
áč,22
áž,22
̈l,22
“K,22
“I,22
„z,22
?”,22
r…,22
'n,21
 ř,21
.«,21
0°,21
CU,21
"F,",21
GF,21
Gs,21
Iv,21
"L,",21
KU,21
Nö,21
UK,21
Y!,21
Sö,21
Z),21
aC,21
fN,21
g;,21
gD,21
l@,21
n(,21
rM,21
vh,21
př,21
­e,21
„t,21
e’,21
s’,21
"""u",20
&D,20
"(""",20
-9,20
.n,20
4%,20
6%,20
AX,20
Ae,20
E:,20
FN,20
Eq,20
Bě,20
LC,20
Kv,20
MC,20
NH,20
P3,20
Ue,20
VG,20
VN,20
WS,20
Vý,20
c),20
e(,20
hI,20
gq,20
iS,20
l/,20
dů,20
"o""",20
oS,20
s«,20
vc,20
vm,20
t«,20
wt,20
z!,20
tů,20
ív,20
ýs,20
“P,20
ši,20
ší,20
€.,20
	X,19
	·,19
™ ,19
 ú,19
(j,19
/H,19
/P,19
AY,19
HN,19
Io,19
JT,19
"O,",19
RH,19
SN,19
UD,19
VB,19
"Z,",19
eA,19
i?,19
o/,19
o@,19
m­,19
s/,19
tE,19
"y""",19
wc,19
wh,19
"z""",19
▩ ,19
­p,19
° ,19
ís,19
“F,19
“M,19
“L,19
r’,19
ži,19
"""l",18
"""v",18
 ·,18
"',",18
 š,18
 Ž,18
(Ü,18
.P,18
.f,18
/K,18
5c,18
Dv,18
G7,18
HM,18
KD,18
L:,18
Ny,18
S&,18
T:,18
UI,18
VV,18
VW,18
Uw,18
WC,18
Tř,18
e4,18
eT,18
h/,18
nD,18
oP,18
jí,18
pg,18
ků,18
wm,18
­a,18
­c,18
̈g,18
"ü,",18
ým,18
č ,18
–1,18
“R,18
„l,18
 ›,18
šs,18
ův,18
n‘,18
žb,18
"""f",17
"""m",17
"""r",17
"""t",17
'A,17
(c,17
.G,17
"0""",17
.v,17
/h,17
4W,17
BT,17
JU,17
Lk,17
MX,17
XI,17
XX,17
YO,17
Ye,17
e*,17
eD,17
gI,17
fj,17
jk,17
lD,17
há,17
oT,17
oq,17
oö,17
y!,17
sá,17
z?,17
­h,17
íl,17
̈f,17
 ▩,17
h”,17
	Ž,16
$ ,16
"""k",16
"%,",16
/F,16
/U,16
/d,16
/m,16
-Ö,16
1a,16
:A,16
@ ,16
A5,16
BL,16
Ek,16
Ew,16
G:,16
Gn,16
KF,16
MG,16
MH,16
QI,16
Kř,16
TD,16
TN,16
TP,16
Y-,16
Xi,16
dq,16
eW,16
f?,16
"i""",16
e®,16
bě,16
iC,16
iF,16
lA,16
mj,16
p),16
jö,16
pH,16
r«,16
v:,16
tx,16
vv,16
­v,16
»E,16
»W,16
Ö ,16
á),16
ét,16
íh,16
íš,16
"–,",16
ěj,16
“d,16
„1,16
ůl,16
"""h",15
…“,15
 Ú,15
 à,15
'D,15
)(,15
)?,15
.b,15
0D,15
;-,15
A2,15
@h,15
B1,15
Bd,15
CG,15
E2,15
DW,15
FU,15
GN,15
KR,15
LB,15
MV,15
Ml,15
Oa,15
PF,15
S:,15
WL,15
YP,15
Zd,15
aq,15
dB,15
fD,15
h;,15
l;,15
kq,15
lT,15
o!,15
p!,15
oB,15
r(,15
oś,15
xh,15
§1,15
».,15
Äl,15
äq,15
év,15
íj,15
ón,15
ów,15
”-,15
…),15
ňs,15
řá,15
u“,15
	7,14
'G,14
(.,14
'S,14
",B",14
",d",14
./,14
.J,14
/I,14
/k,14
0g,14
A1,14
BH,14
CV,14
A®,14
FB,14
FK,14
BÜ,14
GC,14
GD,14
Ik,14
KN,14
LV,14
Ox,14
T!,14
a/,14
aF,14
b?,14
cC,14
cq,14
g',14
d­,14
dá,14
k2,14
rB,14
nç,14
"v""",14
t´,14
rč,14
xl,14
zj,14
«S,14
´ ,14
»T,14
ÖP,14
áz,14
"í,",14
öv,14
ć ,14
č),14
ěk,14
’.,14
“?,14
“V,14
„ ,14
ň),14
Še,14
b“,14
Že,14
€-,14
	0,13
""":",13
'',13
'M,13
&o,13
(Q,13
+1,13
.R,13
.T,13
.i,13
/L,13
/O,13
/V,13
2d,13
B/,13
DZ,13
GW,13
HV,13
JE,13
N:,13
O/,13
U/,13
Sq,13
Pé,13
VM,13
WU,13
XP,13
ZD,13
ZK,13
ZU,13
Vä,13
b!,13
d;,13
dW,13
"f""",13
eF,13
eN,13
hC,13
iT,13
jt,13
n*,13
n1,13
nM,13
nP,13
nW,13
rS,13
tG,13
w:,13
rý,13
uü,13
«W,13
Ça,13
áj,13
äo,13
él,13
íž,13
ýk,13
čv,13
ěv,13
“C,13
“H,13
-€,13
šť,13
k’,13
s‘,13
"""""",12
 Ç,12
……,12
&a,12
'E,12
'N,12
&u,12
'W,12
(9,12
(Ö,12
.E,12
.F,12
/s,12
BJ,12
BK,12
Bs,12
F:,12
FM,12
FP,12
G2,12
HF,12
JA,12
Kh,12
NB,12
OV,12
P:,12
Ow,12
QU,12
RQ,12
TF,12
W/,12
X.,12
XL,12
Xa,12
ZO,12
Zb,12
aR,12
cn,12
eK,12
fW,12
dé,12
aň,12
g­,12
l',12
kS,12
ců,12
n@,12
nG,12
iè,12
nT,12
pS,12
sM,12
sT,12
jů,12
t@,12
tV,12
uR,12
vb,12
yš,12
¨¹,12
­­,12
»M,12
Äm,12
ça,12
èr,12
ük,12
ěb,12
ěz,12
‘s,12
",…",12
řk,12
Ša,12
ść,12
	8,11
 ﻿,11
"""z",11
%i,11
'B,11
'F,11
(*,11
(+,11
(:,11
)),11
",""",11
(§,11
.D,11
.p,11
"1""",11
"2""",11
2;,11
2B,11
2D,11
2L,11
4m,11
8e,11
;),11
:s,11
B2,11
Ey,11
KZ,11
LH,11
M:,11
Lt,11
O:,11
Lé,11
R2,11
S5,11
OÖ,11
WK,11
Ws,11
a',11
"b""",11
dA,11
dK,11
eL,11
g(,11
g*,11
bí,11
iR,11
jd,11
nC,11
o',11
rA,11
rC,11
mé,11
lč,11
s@,11
sD,11
tA,11
s®,11
pě,11
nů,11
wb,11
wp,11
xs,11
tó,11
↓ ,11
▸ ,11
«D,11
´´,11
»A,11
»I,11
»K,11
ÜT,11
ß:,11
ßc,11
ço,11
éc,11
í),11
ČR,11
ěn,11
“G,11
ı ,11
 ↓,11
	▸,11
ła,11
ň ,11
ňo,11
Šk,11
şı,11
g…,11
h’,11
i’,11
m…,11
βe,11
	!,10
%-,10
'K,10
'e,10
/G,10
.k,10
/T,10
.t,10
.w,10
-ö,10
4a,10
:/,10
:h,10
"A""",10
AJ,10
@r,10
Ay,10
CZ,10
Dl,10
FJ,10
GG,10
H:,10
Dé,10
JC,10
L2,10
Ms,10
QL,10
Pn,10
S1,10
SX,10
Tj,10
aG,10
e@,10
f*,10
eV,10
gG,10
ań,10
f­,10
jv,10
mH,10
hé,10
lq,10
oA,10
ež,10
r4,10
ló,10
lý,10
o®,10
sW,10
tD,10
tP,10
uM,10
uq,10
t®,10
vp,10
x:,10
sí,10
y@,10
xm,10
rş,10
Äs,10
Öz,10
ß!,10
ß),10
ä-,10
"é,",10
íz,10
ö ,10
̈u,10
ýd,10
čá,10
‚S,10
“N,10
“n,10
„.,10
“v,10
 ”,10
„j,10
‹ ,10
ř),10
řo,10
ťo,10
e‘,10
g’,10
x“,10
m⊃,10
	@,9
	Č,9
"""!",9
 `,9
&P,9
(-,9
'O,9
'P,9
")""",9
)K,9
*.,9
 ž,9
+4,9
//,9
.W,9
.j,9
/x,9
2a,9
2e,9
4h,9
:U,9
:r,9
A3,9
@f,9
BN,9
BY,9
Bf,9
D/,9
D:,9
E4,9
G8,9
JI,9
L7,9
Ld,9
MZ,9
O3,9
OH,9
OX,9
PB,9
Q-,9
S!,9
SQ,9
T3,9
PÖ,9
Tb,9
Ub,9
VL,9
VZ,9
WR,9
ZV,9
Tě,9
a2,9
aT,9
aV,9
dR,9
dT,9
fS,9
gc,9
iM,9
dý,9
mA,9
"p""",9
oL,9
r@,9
nÜ,9
sA,9
sK,9
"u""",9
tF,9
tL,9
r»,9
s»,9
x),9
x2,9
y?,9
yP,9
zq,9
é-,9
é.,9
éd,9
ép,9
ýn,9
ýp,9
ěš,9
“U,9
„o,9
‭ ,9
ňk,9
Ši,9
a”,9
b’,9
d…,9
⊃2,9
y”,9
	﻿,8
	;,8
"""?",8
 °,8
 ´,8
'T,8
'V,8
'a,8
 Ř,8
--,8
.H,8
0j,8
0k,8
1b,8
4A,8
"5""",8
6m,8
:O,8
:R,8
:p,8
:v,8
@g,8
B:,8
CY,8
Ia,8
NW,8
Ns,8
Ká,8
Pd,8
QR,8
Má,8
T&,8
SJ,8
U:,8
Ug,8
Wy,8
YS,8
Vě,8
aW,8
dC,8
e+,8
dM,8
e2,8
cv,8
f/,8
fR,8
h',8
fq,8
i/,8
k;,8
g»,8
jc,8
bů,8
Ü,8
m',8
kj,8
m;,8
nK,8
ić,8
oN,8
oW,8
r&,8
pj,8
rN,8
s4,8
t`,8
lů,8
vw,8
wg,8
wk,8
wy,8
xg,8
yS,8
yj,8
sł,8
«A,8
«E,8
«I,8
»F,8
»N,8
»R,8
»d,8
à-,8
ès,8
êt,8
í.,8
éč,8
ór,8
"赛,",8
öz,8
ü.,8
ýv,8
úč,8
čt,8
ěc,8
ěh,8
“e,8
“k,8
“m,8
“s,8
″ ,8
Ře,8
S“,8
Ří,8
d”,8
m”,8
y’,8
"€,",8
	Ř,7
!:,7
"""1",7
 ¬,7
"""o",7
 ­,7
);,7
)e,7
+2,7
-.,7
(ü,7
.C,7
.K,7
/0,7
/n,7
/r,7
/z,7
-Ä,7
0h,7
3!,7
3G,7
4?,7
3e,7
4x,7
6A,7
5j,7
:b,7
:c,7
"?,",7
A/,7
@m,7
@p,7
BQ,7
C4,7
D2,7
E1,7
E3,7
F&,7
EQ,7
Hg,7
Hz,7
Gé,7
M1,7
M2,7
LR,7
Lh,7
MK,7
Ll,7
R5,7
Sr,7
U?,7
UH,7
UX,7
VH,7
VK,7
W:,7
"X,",7
WV,7
XC,7
XS,7
YA,7
TÜ,7
ZG,7
aD,7
bS,7
d*,7
cK,7
a«,7
eI,7
b­,7
eZ,7
d«,7
h2,7
d»,7
e»,7
f¨,7
eá,7
nN,7
ié,7
n`,7
kó,7
rE,7
rL,7
u!,7
kř,7
pá,7
oğ,7
w/,7
oň,7
xE,7
y',7
xf,7
ué,7
yv,7
yy,7
zí,7
oβ,7
§§,7
«K,7
«M,7
­o,7
»B,7
»G,7
»P,7
Äp,7
ÜR,7
ó ,7
ós,7
óz,7
ý-,7
﻿L,7
	€,7
–2,7
"’,",7
’A,7
‚A,7
‚D,7
‚W,7
“!,7
“J,7
ěž,7
„Y,7
 ‬,7
)“,7
4–,7
› ,7
O’,7
U“,7
h…,7
i”,7
ům,7
€),7
	',6
 $,6
 é,6
&S,6
(!,6
'L,6
(?,6
)D,6
+3,6
",m",6
-X,6
/J,6
/a,6
/e,6
/v,6
0s,6
ви,6
0x,6
"3""",6
-à,6
-ä,6
.ä,6
4e,6
4t,6
"7""",6
5k,6
5x,6
6x,6
5°,6
9S,6
:M,6
:a,6
@e,6
CW,6
Bí,6
D´,6
HH,6
HW,6
I:,6
"J,",6
JD,6
JL,6
JP,6
K2,6
JV,6
Iz,6
Jg,6
KH,6
L5,6
KY,6
NM,6
NX,6
NY,6
P2,6
Jó,6
QE,6
Qi,6
S/,6
Mí,6
RZ,6
T/,6
T6,6
Rz,6
"U""",6
Sb,6
UW,6
VT,6
X),6
Sá,6
"Y,",6
XW,6
YM,6
ZH,6
Yv,6
Zg,6
Zs,6
` ,6
aP,6
dF,6
cp,6
eE,6
aç,6
fM,6
añ,6
gA,6
bé,6
i',6
i4,6
bč,6
e´,6
g«,6
kB,6
kP,6
kR,6
jz,6
gá,6
lM,6
ií,6
oF,6
oG,6
l»,6
jč,6
hů,6
s*,6
rW,6
sL,6
t2,6
tC,6
uP,6
v?,6
vA,6
"x""",6
vd,6
rè,6
xb,6
xn,6
zB,6
tý,6
vä,6
zó,6
«H,6
«V,6
®-,6
­u,6
Äc,6
Äq,6
ÖV,6
Öt,6
Új,6
Ús,6
ß?,6
ä.,6
ão,6
í-,6
íp,6
éř,6
ôn,6
̈i,6
ýš,6
﻿ ,6
ěp,6
‘0,6
ğa,6
‘A,6
’n,6
‚g,6
“w,6
“u,6
„c,6
„Ö,6
„Ü,6
(…,6
…u,6
0“,6
0€,6
5“,6
ń ,6
A“,6
ňa,6
E“,6
Šm,6
Šu,6
ša,6
m‘,6
o’,6
r‘,6
y™,6
犬赛,6
	Ú,5
 <,5
"""j",5
&M,5
'H,5
'R,5
&s,5
'b,5
'd,5
 Ł,5
)i,5
)t,5
*n,5
.I,5
.U,5
.l,5
/Z,5
1(,5
0U,5
0V,5
1;,5
1A,5
0p,5
1k,5
2h,5
2l,5
2m,5
2x,5
4D,5
4E,5
4b,5
4k,5
2°,5
5e,5
5l,5
8E,5
8a,5
:D,5
:H,5
:T,5
:W,5
A!,5
A7,5
@l,5
BZ,5
Bh,5
Dj,5
F1,5
"G""",5
Eo,5
H&,5
D®,5
"I""",5
I/,5
HX,5
IY,5
JR,5
JW,5
Iw,5
Bř,5
Js,5
M&,5
Mh,5
P&,5
Nf,5
Ng,5
R1,5
Qa,5
O®,5
S3,5
RV,5
RY,5
P®,5
Sg,5
Ně,5
UO,5
V1,5
V2,5
VF,5
WB,5
Vj,5
SÜ,5
TÄ,5
Y.,5
Xs,5
Xu,5
Yb,5
ZL,5
ZM,5
ZP,5
Zt,5
Zv,5
Vš,5
aB,5
aH,5
aM,5
b;,5
cD,5
cE,5
cG,5
cM,5
a®,5
a´,5
f&,5
eU,5
Ö,5
e`,5
fA,5
h&,5
hD,5
hG,5
hR,5
"j,",5
iN,5
k',5
k(,5
aş,5
jW,5
fá,5
jl,5
h´,5
dő,5
mW,5
eş,5
nO,5
nR,5
ió,5
o;,5
nZ,5
l«,5
l®,5
oV,5
nx,5
m®,5
m»,5
n´,5
qa,5
s+,5
sC,5
sS,5
nó,5
tB,5
tM,5
tN,5
u/,5
tW,5
r®,5
x*,5
x1,5
ró,5
wf,5
tà,5
yM,5
z/,5
xw,5
yx,5
yň,5
«e,5
"®,",5
¹r,5
»C,5
»O,5
»e,5
»g,5
Ä ,5
ÄN,5
Ät,5
Öd,5
Ör,5
ÜD,5
ÜV,5
ßd,5
á.,5
áp,5
äa,5
éz,5
öD,5
"ý,",5
ýt,5
 ,5
čů,5
ěd,5
–s,5
"‘,",5
’e,5
’r,5
“;,5
“O,5
“b,5
“f,5
„Q,5
„ü,5
…w,5
-„,5
0–,5
1“,5
3“,5
ło,5
M“,5
őí,5
P’,5
š),5
Šo,5
Šv,5
c“,5
ů.,5
h‘,5
m’,5
t‘,5
	$,4
	%,4
	9,4
“…,4
""";",4
%B,4
%H,4
%M,4
%Y,4
&A,4
&E,4
&L,4
'0,4
((,4
'I,4
'J,4
)!,4
'h,4
)-,4
'u,4
)A,4
)B,4
*-,4
)L,4
*1,4
)T,4
)W,4
)a,4
)d,4
"+,",4
+-,4
*g,4
",S",4
",i",4
",w",4
-Y,4
0+,4
.u,4
0?,4
0G,4
/g,4
/q,4
0W,4
0a,4
0i,4
0q,4
0t,4
2?,4
"4""",4
2b,4
2n,4
2v,4
5!,4
3b,4
4K,4
3k,4
4L,4
3x,4
4u,4
5t,4
6a,4
ил,4
8b,4
:%,4
8h,4
::,4
9a,4
:J,4
:k,4
<-,4
:m,4
:w,4
?',4
A&,4
A6,4
ск,4
@d,4
@k,4
B3,4
@u,4
Ao,4
CJ,4
"E""",4
E5,4
DY,4
Dh,4
Dm,4
Dn,4
BÖ,4
GZ,4
Gd,4
Có,4
HY,4
HZ,4
Hd,4
Hv,4
If,4
JS,4
Dě,4
Fê,4
L3,4
"M""",4
Km,4
LW,4
Kw,4
LY,4
MN,4
O!,4
Mb,4
O',4
Mf,4
Mt,4
Mz,4
Já,4
P4,4
Oi,4
Q.,4
Oo,4
PW,4
R!,4
R&,4
R/,4
R:,4
S',4
S2,4
S4,4
"T""",4
Né,4
T2,4
T?,4
Sd,4
Sj,4
TX,4
V6,4
Pô,4
Tz,4
W3,4
Vs,4
XE,4
XU,4
XV,4
YD,4
YE,4
Xe,4
YL,4
Té,4
ZF,4
ZN,4
Vé,4
a+,4
aL,4
bP,4
cA,4
ZŠ,4
cd,4
cf,4
dN,4
dO,4
eJ,4
eX,4
g&,4
fG,4
aä,4
aí,4
aü,4
gE,4
h(,4
h*,4
i*,4
iD,4
iV,4
iW,4
k/,4
g®,4
jh,4
h«,4
l2,4
m&,4
lP,4
l`,4
nF,4
o(,4
nI,4
já,4
oR,4
p;,4
q ,4
pA,4
m«,4
m³,4
lè,4
n®,4
pv,4
qi,4
qk,4
rV,4
o´,4
rZ,4
r`,4
mý,4
sO,4
t1,4
p­,4
tH,4
lň,4
tT,4
uB,4
v0,4
w!,4
pč,4
s´,4
vf,4
nš,4
rê,4
x4,4
xL,4
xS,4
yB,4
xd,4
tè,4
xq,4
vč,4
sů,4
z«,4
z­,4
uř,4
yö,4
zé,4
zů,4
«-,4
¬ ,4
«R,4
«i,4
­i,4
².,4
´n,4
»J,4
»f,4
Äb,4
ÖR,4
Öc,4
Üc,4
ä­,4
é),4
èm,4
èv,4
ñe,4
ó:,4
ód,4
ôl,4
öy,4
øn,4
ús,4
úv,4
ýl,4
ýu,4
"ć,",4
"č,",4
č.,4
Ča,4
Čt,4
čb,4
	‘,4
 0,4
	‭,4
üβ,4
–S,4
‘.,4
	,4
‘E,4
‘S,4
’O,4
‚E,4
’a,4
‚M,4
‚L,4
‚K,4
‚T,4
ěř,4
”),4
”?,4
“c,4
“a,4
„+,4
“r,4
„Ä,4
„ö,4
…?,4
(“,4
",“",4
. ,4
.’,4
0 ,4
2–,4
7“,4
8“,4
9–,4
ńs,4
B’,4
B“,4
ňá,4
I“,4
K“,4
ř.,4
Š ,4
şi,4
Šp,4
šp,4
Šá,4
ťa,4
šá,4
šň,4
šš,4
d‘,4
e–,4
f”,4
g‘,4
"ů,",4
ůr,4
k…,4
n‹,4
o”,4
ž ,4
v“,4
w“,4
x’,4
ža,4
žd,4
žl,4
z”,4
z…,4
žá,4
е ,3
и:,3
п ,3
„…,3
"!,",3
"""'",3
"""3",3
"""4",3
"""Y",3
"""c",3
 ®,3
 ½,3
 Á,3
&B,3
&C,3
&F,3
&G,3
'-,3
'C,3
&n,3
'U,3
(@,3
"""ü",3
'i,3
'o,3
ы ,3
"*,",3
)P,3
)V,3
 Ż,3
)g,3
)h,3
*I,3
)p,3
)y,3
+H,3
*r,3
*s,3
+W,3
"-""",3
",C",3
-(,3
(Ä,3
",V",3
Эк,3
",a",3
",b",3
",e",3
.',3
",k",3
",n",3
",s",3
0$,3
0',3
.z,3
0A,3
/b,3
/f,3
1+,3
/l,3
0M,3
0N,3
1D,3
(Š,3
вн,3
2C,3
2M,3
1s,3
3;,3
2c,3
3F,3
2i,3
2k,3
дв,3
3R,3
/Ö,3
3a,3
3c,3
4G,3
3h,3
3l,3
3m,3
1°,3
ед,3
3s,3
1º,3
4v,3
жи,3
6?,3
-Š,3
зи,3
6e,3
6k,3
ив,3
иж,3
6t,3
им,3
ип,3
8A,3
9(,3
7k,3
7t,3
:),3
:.,3
8m,3
:7,3
8x,3
кл,3
кс,3
9c,3
:E,3
:F,3
9e,3
:K,3
:N,3
;8,3
лл,3
лы,3
лю,3
мо,3
;d,3
не,3
ны,3
ос,3
?.,3
?:,3
A+,3
 Э,3
 в,3
 н,3
@a,3
ст,3
@c,3
B+,3
@i,3
@n,3
ти,3
B?,3
?«,3
C3,3
D!,3
D',3
Bj,3
D1,3
Bx,3
D?,3
E8,3
Dw,3
Dz,3
Ee,3
G0,3
G1,3
C®,3
"H""",3
Bé,3
H3,3
H4,3
Gg,3
Gw,3
Cô,3
IJ,3
Hm,3
Hn,3
K&,3
Ie,3
JN,3
ые,3
"L""",3
KC,3
L',3
Jy,3
H»,3
Kg,3
M3,3
Ks,3
Gó,3
LX,3
HÖ,3
N!,3
"N""",3
Há,3
MJ,3
N/,3
Ls,3
юз,3
Lw,3
P1,3
Jí,3
P6,3
OY,3
Q),3
PX,3
Oy,3
Lá,3
R+,3
Kč,3
N°,3
"S""",3
O´,3
Mô,3
NÖ,3
Rd,3
Rn,3
T1,3
TJ,3
TQ,3
Pá,3
UJ,3
Tl,3
V/,3
R®,3
V8,3
V?,3
"W""",3
Uc,3
RÄ,3
VU,3
Vd,3
Vf,3
WN,3
XD,3
XF,3
Wp,3
XT,3
XY,3
YB,3
Tá,3
YN,3
YT,3
Tø,3
ZS,3
X®,3
Zp,3
Rů,3
a&,3
a@,3
b',3
b/,3
aX,3
aZ,3
bC,3
bM,3
d(,3
cT,3
dD,3
dH,3
f',3
eO,3
eQ,3
f;,3
fL,3
aö,3
g@,3
gM,3
gP,3
gS,3
hA,3
cé,3
hS,3
hT,3
i;,3
ał,3
iL,3
iO,3
dú,3
k&,3
bň,3
bš,3
kM,3
l1,3
jr,3
gÜ,3
lG,3
m@,3
mC,3
eľ,3
n+,3
mP,3
n5,3
mT,3
mU,3
mV,3
dž,3
nL,3
nV,3
k´,3
mx,3
oD,3
oH,3
oK,3
p2,3
fű,3
pB,3
pT,3
hř,3
s&,3
rF,3
rH,3
rK,3
mó,3
sE,3
t&,3
sF,3
sH,3
nê,3
sR,3
tU,3
Tи,3
lš,3
r¨,3
uS,3
w&,3
vG,3
mů,3
vj,3
x5,3
vz,3
xB,3
xD,3
nž,3
xT,3
yG,3
yO,3
pů,3
tč,3
zT,3
uö,3
x®,3
aβ,3
yá,3
yü,3
zň,3
§3,3
«J,3
«N,3
«T,3
«a,3
­-,3
­x,3
º ,3
»H,3
»U,3
»V,3
»Z,3
½ ,3
»l,3
»m,3
»s,3
ÄR,3
"Ö,",3
ÖB,3
ÖD,3
ÖL,3
ÖN,3
Ø ,3
Ü ,3
Úv,3
ÜB,3
"ß""",3
ßq,3
ág,3
áh,3
ä ,3
äx,3
èn,3
éa,3
éb,3
ía,3
ña,3
"ó,",3
ño,3
ö-,3
ôt,3
öe,3
öo,3
̈m,3
ú ,3
̈ß,3
üv,3
üz,3
﻿﻿,3
ē ,3
öβ,3
‑E,3
–.,3
–E,3
–U,3
–T,3
–a,3
–d,3
ěm,3
‘),3
‘C,3
‘W,3
‘e,3
’T,3
‚B,3
‚I,3
‚F,3
’i,3
’o,3
‚N,3
‚V,3
‚e,3
”(,3
"„,",3
“i,3
“l,3
“p,3
„q,3
(‚,3
…d,3
•ē,3
0”,3
1–,3
2“,3
4“,3
4”,3
ľk,3
‹.,3
Ła,3
›B,3
7€,3
B”,3
C“,3
D’,3
ňů,3
ś ,3
řm,3
řn,3
řu,3
T”,3
T€,3
šl,3
ť ,3
a’,3
a…,3
d•,3
f’,3
ůj,3
k”,3
l‘,3
l…,3
e™,3
n„,3
p”,3
ůž,3
t‹,3
ży,3
Žu,3
x”,3
žo,3
žu,3
t™,3
βb,3
 €,2
	´,2
	¹,2
Я ,2
	Á,2
™.,2
!',2
"""+",2
"""2",2
"""6",2
 ~,2
"""Q",2
 É,2
 Ø,2
 á,2
"&,",2
"'""",2
"""Ä",2
'),2
'4,2
':,2
"""ä",2
'g,2
'm,2
)3,2
)7,2
(X,2
'w,2
(Y,2
 ś,2
)E,2
)F,2
*),2
**,2
*2,2
(q,2
)R,2
*B,2
)b,2
*E,2
+),2
+.,2
*S,2
)s,2
*U,2
)w,2
*d,2
+J,2
+K,2
*k,2
+V,2
(»,2
",D",2
",H",2
",M",2
'é,2
",R",2
",T",2
",U",2
->,2
",c",2
.(,2
",g",2
",h",2
",t",2
.;,2
(ö,2
.L,2
.Z,2
/c,2
1',2
0H,2
0J,2
0P,2
-­,2
0S,2
",Ö",2
2!,2
0b,2
0v,2
1d,2
2E,2
3',2
2K,2
2O,2
1o,2
2R,2
2S,2
2V,2
/Ä,2
4+,2
3L,2
-Č,2
3S,2
2t,2
4;,2
5',2
3g,2
5+,2
3i,2
3r,2
5;,2
5A,2
6',2
5G,2
5H,2
5M,2
2«,2
4p,2
5a,2
5g,2
5p,2
7B,2
6j,2
7M,2
6l,2
4°,2
"9""",2
7c,2
7e,2
7f,2
7m,2
御犬,2
8g,2
8l,2
8t,2
:8,2
:9,2
:G,2
9h,2
:I,2
9j,2
:L,2
;.,2
:P,2
:S,2
9t,2
:d,2
8°,2
:t,2
:ö,2
A',2
@G,2
A0,2
 Я,2
@T,2
A?,2
B4,2
B5,2
@t,2
@v,2
@w,2
"C""",2
C+,2
C/,2
C1,2
C5,2
?»,2
D0,2
Bp,2
CQ,2
E!,2
Ct,2
E6,2
Cw,2
Cx,2
EJ,2
F3,2
EY,2
BÄ,2
G3,2
G6,2
FX,2
Ez,2
Fc,2
H',2
GJ,2
Fj,2
H/,2
Fs,2
Gb,2
I',2
I*,2
I+,2
Cè,2
E«,2
HQ,2
Cí,2
Dà,2
J),2
Hh,2
Hs,2
J7,2
Hx,2
"K""",2
JF,2
Ii,2
JM,2
JO,2
K4,2
K6,2
K:,2
Eö,2
L!,2
KJ,2
L/,2
Jr,2
M+,2
M/,2
M5,2
M7,2
Lc,2
Lp,2
Lv,2
N?,2
"O""",2
Mg,2
Mn,2
O1,2
O;,2
KÁ,2
Nk,2
Nm,2
P0,2
P5,2
P7,2
KÖ,2
OZ,2
P?,2
Og,2
Oj,2
M®,2
"R""",2
QB,2
MÁ,2
R*,2
QS,2
Pt,2
QV,2
QW,2
Ló,2
Pz,2
Mé,2
NÍ,2
Qs,2
RX,2
S?,2
NÜ,2
Mý,2
T4,2
Rs,2
Gǎ,2
U1,2
U2,2
V!,2
Tc,2
Tf,2
Tn,2
Pí,2
V4,2
V:,2
W!,2
RÁ,2
Ui,2
W1,2
S®,2
Vg,2
X7,2
Vv,2
T´,2
WY,2
Oř,2
XB,2
TÁ,2
XH,2
Sã,2
XK,2
Sí,2
Sý,2
Z$,2
YK,2
Xm,2
Z/,2
YX,2
YY,2
V»,2
Tý,2
Yi,2
ZR,2
W´,2
ZZ,2
VÜ,2
WÄ,2
Zh,2
Sł,2
Zr,2
Yü,2
Vř,2
a(,2
`N,2
a1,2
a3,2
`S,2
a;,2
aA,2
aI,2
aK,2
`n,2
c(,2
c:,2
c;,2
c?,2
b`,2
cB,2
bq,2
d9,2
dG,2
cg,2
cj,2
e1,2
dU,2
e7,2
b¬,2
f@,2
fK,2
g2,2
aï,2
aô,2
fZ,2
f`,2
gB,2
gL,2
bè,2
gO,2
d®,2
gU,2
d´,2
gW,2
i(,2
hH,2
hP,2
hV,2
i@,2
cú,2
iA,2
h`,2
iG,2
iH,2
iK,2
j-,2
j.,2
j:,2
eå,2
ať,2
eñ,2
g´,2
eó,2
l&,2
kH,2
kI,2
kJ,2
fè,2
jp,2
l4,2
kT,2
kV,2
h»,2
lC,2
lE,2
lH,2
lN,2
m1,2
gó,2
mB,2
mE,2
n&,2
mI,2
eł,2
dš,2
mK,2
hç,2
mM,2
n2,2
mS,2
hý,2
eś,2
ià,2
nH,2
o+,2
k®,2
mq,2
o3,2
nU,2
o9,2
jà,2
oE,2
p(,2
oI,2
jé,2
oO,2
oQ,2
p3,2
l´,2
p@,2
q),2
lÜ,2
r+,2
ił,2
iń,2
n¬,2
r2,2
kč,2
px,2
rD,2
s(,2
må,2
lą,2
s1,2
s2,2
rR,2
rX,2
o»,2
nß,2
jš,2
t4,2
sV,2
u',2
nā,2
nă,2
tK,2
tO,2
oë,2
v!,2
oü,2
uH,2
uK,2
uL,2
uV,2
r´,2
w*,2
vP,2
vT,2
x!,2
wA,2
rß,2
wD,2
x',2
wG,2
wO,2
wV,2
x?,2
xA,2
rû,2
xH,2
y2,2
yA,2
tÜ,2
z',2
yF,2
z*,2
xj,2
yN,2
yR,2
xr,2
xv,2
y`,2
uá,2
tĂ,2
zM,2
uí,2
y«,2
wó,2
~ ,2
yä,2
vř,2
防御,2
zę,2
yř,2
uβ,2
§6,2
§7,2
«),2
«G,2
«O,2
«P,2
«U,2
«f,2
«n,2
«w,2
®.,2
¬s,2
®:,2
°5,2
°7,2
²),2
²-,2
³ ,2
­ß,2
³/,2
€™,2
´G,2
´K,2
´O,2
·D,2
¹f,2
¹h,2
»L,2
»r,2
ÁM,2
ÁT,2
Ád,2
ÄG,2
ÄH,2
Éc,2
"Í,",2
Ö.,2
Ö1,2
Ö:,2
ÖA,2
Ön,2
Úd,2
Ü),2
Ü-,2
Úl,2
ÜS,2
á',2
ào,2
áf,2
ß«,2
ß­,2
Úř,2
ãr,2
ål,2
çe,2
ê ,2
èg,2
ää,2
áň,2
èt,2
éj,2
"ë,",2
éo,2
éw,2
ën,2
íg,2
ío,2
ók,2
óm,2
óp,2
"ö,",2
̈d,2
̈k,2
ö­,2
ü&,2
úd,2
úl,2
ún,2
út,2
üw,2
ü­,2
ār,2
úř,2
ýč,2
Ă¤,2
ć-,2
ąs,2
− ,2
ČS,2
Či,2
čm,2
	″,2
	›,2
Čí,2
 h,2
﻿ü,2
‐ ,2
ę ,2
‑1,2
ęd,2
"ě,",2
–4,2
–3,2
–B,2
–M,2
–K,2
–V,2
–v,2
‘B,2
‘F,2
‘K,2
‘I,2
’-,2
’B,2
‘n,2
’S,2
‘t,2
‚C,2
‚G,2
‚P,2
‚O,2
’t,2
‚a,2
‚b,2
‚f,2
‚l,2
‚k,2
“2,2
‚v,2
“Z,2
“Y,2
”:,2
”B,2
“h,2
“o,2
„5,2
„3,2
 ‑,2
 ’,2
“Ü,2
“ü,2
…A,2
…I,2
…b,2
…i,2
…h,2
)”,2
+“,2
ık,2
",–",2
‬ ,2
",‭",2
(€,2
-“,2
‬G,2
.–,2
.‘,2
‬d,2
0‘,2
0’,2
 −,2
1‘,2
3”,2
5–,2
1€,2
2€,2
7–,2
	▩,2
7″,2
9 ,2
ł ,2
:”,2
:„,2
›P,2
ń.,2
łs,2
›k,2
ńo,2
?’,2
ň.,2
A‘,2
A…,2
D“,2
F“,2
G“,2
N“,2
O‘,2
S–,2
S’,2
řl,2
T‑,2
U–,2
śc,2
V“,2
şe,2
š-,2
şt,2
Z–,2
Z’,2
šč,2
a‘,2
c’,2
c”,2
c…,2
d‐,2
šů,2
e›,2
ů-,2
h–,2
h‹,2
ůb,2
i…,2
ůz,2
űh,2
űn,2
űr,2
l‐,2
d™,2
ůč,2
n‭,2
o…,2
r–,2
r„,2
n€,2
r‹,2
s„,2
u–,2
Ża,2
u…,2
n™,2
x‘,2
z–,2
βt,2
¬–,2
€/,2
­–,2
€u,2
ǎi,2
â€,2
é“,2
í“,2
