a ,246083
e ,224548
o ,197983
i ,191466
 p,170251
 s,148735
je,129634
", ",121195
 n,114621
na,112254
ra,100883
ni,99900
 v,95384
st,94402
pr,93348
po,91496
re,89458
 d,85819
en,83408
 z,82276
 i,80502
ko,80311
in,79199
 k,78874
ne,78636
te,77772
an,77019
 t,73287
no,71950
ov,71155
 o,69248
li,66062
al,65259
se,64568
n ,62862
ri,62854
la,62830
ve,62097
 j,61976
ti,61316
ja,61265
em,57862
od,57833
za,57575
v ,56374
da,55246
av,55160
nj,54838
m ,54580
el,54535
ka,53764
lo,53185
ta,51557
ed,51536
le,51066
os,51043
il,50250
aj,49781
 b,49399
va,48558
to,48024
or,47658
 m,47394
er,46452
lj,45179
ro,44921
me,44565
ar,43886
mo,42260
at,41675
h ,41626
ki,40802
ih,40722
et,40678
sk,40534
vi,39029
de,38518
di,38501
ol,38466
do,38195
ga,36231
ij,35734
im,35160
vo,34542
it,34479
tr,34471
am,34310
bi,34065
ob,33902
ak,33478
om,33391
ma,32965
ot,32515
j ,32325
pa,32017
bo,31909
is,31692
ik,31140
ev,31133
 r,30824
u ,30406
iz,30213
so,29413
eg,29249
es,29216
ji,28956
jo,28074
 l,28002
on,27752
ek,27704
r ,27192
l ,26721
as,26583
ke,26453
t ,26173
mi,25931
go,25556
ad,25407
 u,23530
če,22757
tu,22357
ej,22154
og,22119
z ,21832
dn,21223
ci,21219
oč,20942
az,20594
ce,20469
či,20439
dr,20220
vn,20108
ud,19812
sa,19775
"a,",19480
s ,19471
ic,19257
 g,19183
"e,",18937
ju,18857
d ,18520
sp,18519
 a,18215
"i,",18186
tn,18021
oj,17922
si,17766
op,17666
ok,17513
k ,17205
iv,17180
sl,17113
še,16746
ča,16285
eč,16209
 š,16195
ir,16176
ič,16107
ln,16041
"o,",15870
ru,15741
kr,15250
čn,15202
be,15126
 č,15110
ku,15098
pi,14793
ah,14780
a.,14698
vs,14585
iš,14094
že,14045
 2,13903
ez,13840
: ,13564
up,13467
ač,13216
ns,13110
tv,13089
20,13081
 S,12979
i.,12776
rj,12518
	P,12492
e.,12385
br,12292
pe,12252
zn,12226
aš,12225
 ž,12060
eb,12058
 1,11979
vl,11919
 e,11814
gr,11631
nt,11623
gl,11536
bl,11490
rn,11288
zi,11157
pl,11038
oz,10641
ap,10615
	N,10406
sv,10324
ab,10301
ep,10277
. ,10269
o.,10132
kl,10034
 P,9934
uj,9921
us,9899
ži,9794
ag,9788
vr,9642
ba,9454
	V,9328
šk,9307
00,9293
 c,9167
č ,9167
ur,9073
1	,9037
ož,9030
3	,9028
4	,9026
8	,9015
9	,9011
2	,8992
0	,8984
Pr,8979
6	,8974
7	,8970
5	,8962
zd,8957
id,8930
rt,8813
gi,8593
ec,8588
ac,8577
sn,8540
01,8497
ši,8489
Po,8370
ca,8149
ze,8036
 M,8028
šč,7998
bn,7940
nc,7912
Na,7837
ša,7805
oš,7798
	S,7614
rs,7566
ug,7518
 (,7499
hk,7496
	T,7416
sm,7414
ho,7402
un,7387
kt,7342
lu,7307
ža,7263
mu,7183
ds,7168
nk,7143
ež,7097
eh,7086
jš,7054
 h,7041
 f,7017
št,7008
13,7004
js,6961
zv,6856
"m,",6844
 D,6839
rv,6788
nd,6734
dl,6653
nu,6637
ge,6481
dv,6440
0 ,6412
ig,6321
 K,6295
zo,6213
tk,6169
ip,6168
10,6163
	Z,6130
ub,6046
 C,5963
 N,5898
	K,5892
šn,5868
V ,5732
eš,5729
Za,5625
b ,5589
um,5585
12,5477
žn,5456
 G,5409
19,5393
ut,5360
 B,5353
 T,5352
 A,5289
30,5283
 O,5257
 V,5167
11,5014
 R,4988
io,4980
už,4958
50,4929
fi,4918
ul,4907
jn,4906
ču,4874
"u,",4856
15,4749
zb,4748
25,4746
rg,4733
mb,4707
	O,4702
 L,4690
uč,4679
Sl,4660
tj,4649
"v,",4618
du,4597
sr,4586
c ,4555
24,4541
db,4509
22,4501
40,4486
21,4482
99,4478
rž,4470
- ,4465
28,4461
26,4425
zm,4417
27,4392
23,4370
3 ,4367
18,4358
16,4343
29,4341
31,4333
Ko,4332
14,4322
) ,4320
u.,4271
60,4268
zg,4261
ha,4249
70,4226
co,4214
17,4210
35,4208
hi,4206
37,4192
v.,4192
80,4170
90,4166
uš,4163
 -,4157
45,4113
32,4086
57,4059
39,4058
55,4055
33,4054
38,4040
42,4030
48,4029
98,4027
36,4024
51,4017
34,4016
96,4010
41,4003
94,4002
95,3996
43,3990
97,3986
g ,3970
58,3969
rk,3965
49,3962
91,3957
56,3955
zp,3955
 Z,3948
53,3946
52,3945
59,3935
44,3933
71,3933
46,3928
69,3927
65,3926
pu,3925
T ,3924
zl,3922
93,3918
vz,3918
47,3916
92,3912
54,3910
79,3904
85,3904
dp,3901
75,3884
89,3883
64,3882
73,3878
63,3870
83,3868
86,3865
68,3863
84,3863
	M,3862
81,3857
66,3856
72,3855
62,3854
87,3851
74,3843
88,3841
78,3840
82,3840
61,3838
77,3835
 3,3832
67,3821
76,3814
Ma,3808
až,3774
fo,3770
su,3751
čj,3741
mn,3712
09,3648
lc,3640
ct,3638
lk,3610
rd,3598
 J,3579
08,3575
mp,3535
dj,3520
"l,",3503
čl,3486
"n,",3484
oc,3473
07,3450
To,3440
bu,3419
ng,3410
ml,3409
02,3407
zu,3399
ia,3394
m.,3369
 I,3349
06,3349
05,3343
03,3316
04,3305
uk,3277
nč,3274
 E,3260
ib,3227
rm,3215
zr,3205
e:,3198
"t,",3195
čk,3156
Ka,3136
š ,3099
gu,3094
Co,3061
Da,3055
 F,3006
"h,",3001
1 ,2972
vp,2959
2 ,2902
šo,2863
5 ,2842
"k,",2822
" """,2773
lt,2731
pn,2727
 0,2702
Ve,2696
šl,2692
žb,2672
t.,2670
Ob,2668
Ta,2656
Ne,2613
rš,2575
km,2543
oh,2539
zk,2528
bj,2523
Ja,2509
	I,2488
iž,2480
"j,",2476
Se,2462
vk,2456
 H,2424
mr,2419
hr,2393
rb,2393
Re,2378
h.,2363
 »,2291
nn,2291
No,2254
vt,2252
n.,2248
l.,2227
kš,2226
n:,2225
St,2219
tl,2213
dk,2182
	D,2173
..,2170
Mo,2166
S ,2164
Le,2158
Me,2151
jb,2144
	R,2141
cu,2141
4 ,2132
kj,2131
kv,2124
ks,2116
he,2102
bč,2094
p ,2092
Mi,2082
Ra,2081
kn,2075
fe,2060
 4,2038
ea,1994
	L,1989
r.,1987
cl,1966
8 ,1942
eo,1927
j.,1923
hn,1918
	J,1910
1.,1906
Sa,1904
Do,1901
MT,1899
9 ,1890
NE,1890
"r,",1884
GM,1880
""" ",1873
jt,1872
ls,1865
).,1853
 5,1844
rc,1842
Pa,1839
6 ,1833
rl,1831
kd,1829
ps,1823
ET,1818
hu,1815
Vs,1777
Oc,1769
7 ,1763
of,1755
Tu,1740
 Š,1729
uh,1705
ht,1698
fa,1692
ie,1692
0.,1671
 –,1666
a:,1664
ou,1663
kc,1657
– ,1652
 U,1639
k.,1607
Iz,1601
nf,1591
gn,1589
bs,1572
In,1557
ef,1557
Če,1550
oi,1516
dg,1512
"s,",1509
2.,1505
ch,1487
af,1481
dm,1473
žj,1472
ll,1445
A ,1444
ua,1444
Te,1440
Sp,1437
Bo,1428
th,1426
ms,1419
čr,1410
oo,1409
 6,1407
pt,1395
	U,1369
y ,1366
Lj,1364
d.,1364
jv,1360
vu,1357
Od,1338
Kr,1332
Tr,1314
ts,1311
Je,1307
Go,1295
bv,1275
La,1273
rh,1263
"),",1255
So,1253
lg,1242
	Č,1233
	A,1224
De,1208
; ,1207
uv,1206
ei,1198
:0,1194
 W,1182
3.,1178
Ni,1177
šp,1169
Vi,1159
.0,1155
4.,1151
Pe,1138
Dr,1136
au,1136
o:,1136
vc,1129
 8,1125
zj,1121
jk,1099
Br,1098
Si,1097
 7,1084
5.,1083
:1,1083
Ro,1082
vč,1073
Al,1057
Fr,1057
"č,",1051
	Š,1040
s.,1038
:3,1032
:5,1032
žu,1031
jm,1030
lm,1016
ž ,1014
» ,1011
.2,1010
:4,1010
:2,1006
rz,1000
Be,987
ck,986
rč,986
Va,983
Ba,982
Z ,981
 9,979
if,977
« ,973
eu,970
Gr,969
šu,966
dd,963
pk,962
čo,959
Ke,956
jd,956
sh,956
t-,952
9.,949
8.,948
Ce,943
ee,943
An,942
O ,942
Ti,941
 Č,932
ai,931
dz,930
6.,916
nz,912
uc,904
	B,903
rp,901
ss,901
vj,899
Li,898
e-,894
fu,891
nš,890
Ev,884
Sk,883
"0,",881
bd,876
"c,",871
Lo,870
	G,866
jp,866
sb,858
a),856
h:,850
č.,842
fr,840
7.,839
sc,833
1:,826
"d,",820
2:,806
gt,806
0:,803
žk,794
-L,790
	Ž,779
zh,779
hl,770
Ju,767
o-,766
Še,766
zs,762
ld,761
i:,753
Av,715
vš,713
3:,711
z.,703
a?,700
c.,696
mk,695
e),693
uz,693
vd,693
Ca,690
Sv,675
Vo,675
Kl,674
Pi,670
šj,665
Th,662
Zd,659
žo,655
D ,654
lž,654
Že,646
tt,639
Jo,633
 Ž,632
Št,632
"	""",630
Op,629
dt,622
Bi,617
9:,606
P ,604
nv,602
ae,599
"1,",596
"š,",595
Up,593
""",",591
-a,591
.o,590
Ga,590
6:,589
ay,587
jc,583
ue,582
EU,579
% ,577
	»,572
"3,",569
.1,568
g.,566
tm,566
7:,563
Am,562
oa,561
4:,560
"2,",557
Pl,557
ić,557
5:,554
I ,550
i),546
Ho,544
8:,543
Os,540
f ,539
x ,539
Sr,536
Su,535
e?,534
vg,532
R ,531
"a""",530
hv,528
(p,523
bm,522
p.,520
… ,519
C ,518
Gl,516
Fi,512
	E,511
K ,507
lč,507
jh,506
"g,",505
Vr,504
čb,503
Fo,500
Di,497
Ze,496
r:,495
-1,494
Ur,494
zt,492
 :,489
i?,486
o!,486
E ,482
.c,473
B ,468
o),460
DS,456
 ',455
-p,453
Lu,453
l:,452
ow,450
""".",449
Nj,449
Ha,447
Ku,443
Vl,443
a!,443
Mu,441
Ki,438
ao,435
mm,435
o?,434
Ri,432
l/,428
En,427
	F,420
(1,420
(n,420
ry,418
".""",417
RS,417
Fa,416
M ,416
Ch,415
Ar,414
Ru,414
dh,409
hč,406
Hr,405
e!,405
vm,402
	C,401
rr,401
lb,399
cm,398
/-,395
.s,393
i!,393
Bl,392
pc,392
' ,385
fl,384
oe,383
SD,380
 “,380
žl,379
ST,378
Ci,377
(s,376
N ,375
"e""",371
(2,369
.«,369
jl,369
ui,369
-j,368
L ,366
"4,",359
",""",358
He,357
pš,357
bš,355
lp,355
Or,354
sj,352
TV,351
We,351
Us,350
(v,349
It,349
	H,348
Fe,346
td,345
Is,343
dš,342
Wi,340
"9,",337
U ,337
"b,",337
lf,335
v),335
dc,334
Un,333
mš,333
 …,333
AN,332
 w,330
RA,330
"5,",329
Ap,328
ey,327
zz,327
gh,324
Šp,323
(S,322
AR,322
UR,321
TA,318
v:,316
bt,315
ww,315
S),314
a-,314
Ĺˇ,314
DA,313
zš,311
NA,310
"i""",310
"6,",309
",5",307
-l,307
0-,307
Ok,307
"7,",306
ER,306
cc,306
ty,306
ft,305
"8,",304
wa,303
(k,300
ZD,300
np,300
ew,299
Du,298
Im,295
vb,293
SI,291
IN,290
-t,289
NI,289
cn,289
ex,287
wi,287
.3,285
Bu,285
Og,285
"o""",284
Pu,283
ly,283
tc,283
El,281
Ot,281
cr,281
mv,281
II,279
” ,279
Zn,276
žr,276
Hi,275
m),275
«.,272
Sm,271
Ge,268
dž,268
pm,267
ye,267
ÄŤ,267
",0",266
jč,266
".,",265
EK,265
iu,265
"z,",264
(t,262
 X,261
IT,261
Ml,261
 Y,260
 €,259
Kd,258
b.,258
i;,258
we,258
mč,257
.4,256
Zv,255
RE,254
i-,254
lv,254
€ ,254
Ol,253
Ži,252
(o,250
0%,250
IS,250
ii,250
TO,248
 %,247
cv,247
",«",246
EN,246
"p,",246
DV,245
S.,245
Šk,245
LE,242
MA,242
w ,242
Ža,242
š.,240
žg,238
LA,235
RI,234
Ad,232
I.,231
Wa,227
MS,224
0),223
PO,223
! ,222
Sh,222
US,222
ć ,222
/ ,221
Zg,221
KA,220
"""p",218
KO,218
VI,218
Vz,218
"«,",218
.5,217
AT,217
OR,217
SL,216
lz,216
nl,216
 /,215
-s,215
ES,215
Iv,215
(i,214
NO,213
X ,212
sf,212
OS,211
Iš,211
"S,",211
-o,209
rf,209
EL,208
RT,208
1),207
-2,206
DD,206
SM,205
fs,205
RO,203
a«,203
(b,199
ff,199
Sc,198
Zo,198
Ed,197
u:,197
ON,196
TE,194
pd,194
 —,193
LO,192
Vč,192
Vp,190
-m,189
n),189
Ak,188
— ,188
-k,187
AL,187
OP,187
(z,186
'',185
On,185
PS,185
m:,185
2),184
yj,184
t),183
 Q,182
m-,182
G ,181
VE,181
nž,181
PR,180
Ac,179
F ,179
uf,179
/1,178
Hu,178
TI,178
-i,177
k:,177
",k",176
SS,176
s),176
(m,175
Gi,175
Ig,175
LI,175
SA,175
a;,175
by,175
qu,175
"""P",174
gm,174
OV,173
SP,173
j:,173
ph,173
pp,173
t:,173
Žu,173
 x,172
DE,172
Čr,172
ED,170
ZE,170
u?,167
"y,",167
? ,166
i«,166
"""N",165
(d,165
AM,165
Cr,165
OL,165
s:,165
-n,164
Cl,164
P.,164
ax,163
ya,163
Er,162
JA,162
mc,162
ny,162
IP,161
PP,161
w.,161
èe,161
SE,159
aa,158
",9",157
",d",157
DI,157
MO,157
NK,157
Yo,157
ZS,157
oè,157
Ča,157
5-,156
e«,156
ix,156
A.,155
CE,155
IK,155
MI,155
SK,155
SO,155
As,154
Ĺľ,154
"A,",153
• ,153
:),152
OM,152
Zl,152
jz,152
2-,151
Au,151
E-,151
LD,151
aĹ,151
0m,150
AS,150
bk,150
"""n",149
Ex,149
Uč,149
Fl,148
& ,147
",2",147
PA,147
Om,147
 &,146
"""K",146
Gu,146
Kn,146
PE,146
Ph,146
dč,146
Ši,146
(L,145
IC,145
Ek,144
IV,144
ME,144
TR,144
V.,144
dy,144
ox,144
oy,144
Čl,144
",3",143
",4",143
W ,143
 è,142
",.",142
"""s",141
S-,141
nh,140
Š ,140
JE,139
Oč,139
Um,139
ZP,139
h),139
tp,139
yl,139
AV,138
BA,138
CA,138
OT,138
VO,138
m!,138
(r,137
-u,137
H ,137
GO,137
Šo,137
Šv,137
	1,136
(3,136
(a,136
",6",136
Ir,136
Zu,136
.6,135
Zm,135
zc,135
"""T",134
-3,134
AD,134
NS,134
OD,134
m?,134
zč,134
+ ,133
Dv,133
»P,133
8-,132
Zb,132
ys,132
Fu,131
vh,131
Id,130
 +,129
EP,129
e;,129
jr,129
(P,128
iè,128
"""S",127
EC,127
J ,127
Oz,127
"ž,",127
( ,126
7-,126
LJ,126
èi,126
"""V",125
.),125
PI,125
VA,125
wo,125
u),124
3),123
BI,123
LS,123
Mn,123
nb,123
tf,123
",8",122
CO,122
Wo,122
k),122
o«,122
"""o",121
u!,121
ws,121
	“,121
 „,121
nr,120
r),120
.7,119
/2,119
1-,119
3-,119
m2,119
y:,119
Dn,118
ID,118
Km,118
Pt,117
ZA,117
aw,117
j),117
yo,117
",1",116
4-,116
CD,116
r-,116
vž,116
EM,115
):,114
5%,114
M.,114
"t""",114
mž,114
xp,114
(N,113
-E,113
-č,113
AC,113
kg,113
Ag,112
At,112
4),111
Vn,111
èn,111
-r,110
SU,110
ća,110
",7",109
pj,109
tz,109
yn,109
 ;,108
.9,108
.d,108
AJ,108
f.,108
 ),107
-v,107
6-,107
BO,107
»V,107
Ug,106
 •,106
IL,105
OK,105
SB,105
O:,104
Ud,104
aè,104
OŠ,103
5),102
Kj,102
T.,102
l),102
n-,102
NL,101
Nu,101
DO,100
OB,100
R.,100
RK,100
pč,100
.8,99
a',99
čm,99
0€,99
› ,99
B.,98
IM,98
Il,98
Zi,98
t?,98
"""M",97
AP,97
MP,97
"!""",96
"""Z",96
Sn,96
oĹ,96
Ša,96
KS,95
Mr,95
èa,95
Šm,95
C-,94
CI,94
D-,94
LB,94
P-,94
lh,94
zž,94
-b,93
C.,93
Ul,93
d-,93
gg,93
»N,93
»p,93
PM,92
(4,91
Ab,91
Y ,91
l?,91
»K,91
ľi,91
ž.,91
A),90
Af,90
D.,90
hm,90
	2,89
"C,",89
DR,89
IR,89
KI,89
MC,89
UN,89
l!,89
o;,89
»S,89
(A,88
's,88
Aj,88
Eu,88
g:,88
(g,87
-d,87
AK,87
Hv,87
d/,87
»T,87
",”",87
šv,87
DP,86
d:,86
cy,86
t!,86
7),85
Em,85
"R,",85
bb,85
v?,85
y.,85
xi,85
"""d",84
"""k",84
"""z",84
BM,84
IJ,84
UK,84
j!,84
ky,84
Tw,83
bc,83
lš,83
.”,83
BE,82
FO,82
NG,82
PL,82
X-,82
gs,82
"m""",82
/a,81
U.,81
ZU,81
j?,81
o­,81
"x,",81
!«,80
-c,80
"D,",80
GA,80
J.,80
IO,80
MB,80
n!,80
"n""",80
Či,80
(M,79
-4,79
(č,79
DN,79
GR,79
K.,79
UP,79
s-,79
će,79
(5,78
.p,78
1/,78
6),78
8),78
9),78
BR,78
Cu,78
HD,78
LC,78
PG,78
Rd,78
TC,78
(l,77
-z,77
AB,77
Es,77
IA,77
IČ,77
OZ,77
VS,77
mf,77
iĹ,77
ux,77
→ ,77
°°,77
ˇa,77
(Z,76
-C,76
GE,76
KE,76
NT,76
wn,76
ˇk,76
”.,76
	',75
"""b",75
(D,75
(U,75
-P,75
> ,75
"I,",75
IZ,75
SC,75
aÄ,75
gj,75
iP,75
»s,75
žm,75
(0,74
;),74
MM,74
ND,74
Uk,74
ZN,74
fj,74
xa,74
čv,74
 ›,74
	W,73
",p",73
GP,73
KL,73
Qu,73
TS,73
V-,73
h?,73
i¹,73
u-,73
"""D",72
%.,72
DZ,72
FA,72
"V,",72
sd,72
"""v",71
'.,71
(6,71
(B,71
9-,71
E.,71
EO,71
Mc,71
"P,",71
l-,71
md,71
v!,71
»M,71
"""O",70
-S,70
AI,70
L.,70
PC,70
Uv,70
e',70
eè,70
yp,70
Ťu,70
-B,69
EV,69
HA,69
HE,69
SN,69
"U,",69
ZZ,69
cs,69
eS,69
sz,69
yb,69
€.,69
	3,68
"""A",68
"',",68
(F,68
¹e,68
èl,68
č:,68
 →,68
",s",67
EF,67
HO,67
O.,67
c:,67
ym,67
	!,66
"""t",66
-T,66
-g,66
B2,66
HP,66
e­,66
hy,66
"u""",66
¾e,66
"""m",65
(C,65
(E,65
GB,65
"M,",65
"O,",65
Wh,65
Ya,65
nm,65
sy,65
"ć,",65
0x,64
CH,64
"v""",64
¾a,64
"”,",64
-R,63
Ai,63
gv,63
n?,63
my,63
e”,63
%),62
.m,62
0k,62
A:,62
FI,62
KC,62
LP,62
NJ,62
RD,62
ZI,62
"h""",62
»Z,62
ür,62
	•,62
* ,61
AZ,61
OG,61
RC,61
VD,61
"r""",61
yu,61
»n,61
“ ,61
žv,61
(K,60
AG,60
"E,",60
Cv,60
EG,60
d),60
h!,60
tw,60
 >,59
 Ĺ,59
(T,59
-5,59
2B,59
AA,59
"B,",59
n/,59
sw,59
ˇ ,59
	;,58
 «,58
(I,58
(c,58
.i,58
JU,58
KB,58
LU,58
RN,58
TP,58
UM,58
k?,58
"l""",58
šm,58
-M,57
5/,57
B-,57
BL,57
?«,57
EA,57
EE,57
EZ,57
Zr,57
g),57
o@,57
r!,57
s!,57
­n,57
Šu,57
0g,56
CS,56
Et,56
Ps,56
SV,56
Vu,56
n',56
yt,56
!),55
-e,55
CT,55
G.,55
IB,55
IG,55
KU,55
P),55
RP,55
TN,55
gd,55
mj,55
ć.,55
šc,55
	4,54
 *,54
"""i",54
(f,54
0/,54
(š,54
2/,54
CR,54
EB,54
HI,54
KD,54
QR,54
RM,54
Sy,54
bz,54
gy,54
r?,54
oÄ,54
xt,54
»z,54
Ču,54
 ¹,53
Ah,53
D),53
PV,53
UD,53
ZK,53
bh,53
fg,53
k!,53
x.,53
­­,53
¹è,53
Å¡,53
 ‘,53
i”,53
 y,52
(R,52
"?""",52
GD,52
GI,52
GS,52
T-,52
Tv,52
cj,52
e/,52
"f,",52
fn,52
i',52
è ,52
ČE,52
"""R",51
(e,51
0c,51
BS,51
Eg,51
FR,51
HT,51
Hy,51
JN,51
"L,",51
KP,51
OO,51
Of,51
PU,51
R),51
"T,",51
SR,51
c),51
a­,51
s?,51
xo,51
",n",50
.:,50
-f,50
3D,50
5m,50
GT,50
"K,",50
JP,50
KR,50
MD,50
MW,50
Oh,50
uu,50
èu,50
a…,50
"€,",50
(7,49
BC,49
CC,49
DU,49
FT,49
UV,49
ZR,49
k-,49
xy,49
….,49
"""I",48
-0,48
",t",48
.a,48
2x,48
5c,48
DM,48
EX,48
FE,48
GZ,48
N-,48
N.,48
OC,48
TM,48
TU,48
UL,48
VN,48
Tü,48
ZO,48
i­,48
v-,48
xe,48
č),48
(u,47
Dj,47
Hl,47
M-,47
U-,47
VP,47
py,47
"s""",47
u;,47
uo,47
¹i,47
e…,47
"""B",46
"""L",46
-A,46
FC,46
Kv,46
ML,46
NC,46
kk,46
o',46
z:,46
yd,46
yr,46
»d,46
»o,46
(9,45
)),45
BT,45
DL,45
I-,45
HR,45
JO,45
Ji,45
LT,45
ZV,45
"k""",45
’ ,45
a”,45
"%,",44
-V,44
F.,44
KM,44
Ov,44
ZJ,44
dw,44
hc,44
kh,44
¹a,44
»v,44
ŠO,44
(V,43
-N,43
AU,43
FS,43
c?,43
o/,43
mt,43
'n,42
-9,42
.n,42
E:,42
HL,42
TD,42
iÄ,42
v;,42
yw,42
Ťa,42
(H,41
(J,41
'p,41
-7,41
",v",41
",z",41
:D,41
BD,41
KT,41
MR,41
O-,41
PD,41
VR,41
XX,41
o¾,41
t«,41
y-,41
zy,41
· ,41
»O,41
× ,41
é ,41
 ¾,40
A-,40
AF,40
AX,40
Az,40
DJ,40
F-,40
GL,40
Hk,40
"N,",40
PK,40
PT,40
R1,40
RR,40
TT,40
a¹,40
m«,40
tg,40
xu,40
ČA,40
–1,40
……,39
(G,39
"""č",39
-6,39
LL,39
My,39
NZ,39
V),39
OŽ,39
a/,39
h«,39
kb,39
r',39
tb,39
r¾,39
¹k,39
"""G",38
"""r",38
(8,38
3/,38
Ea,38
K:,38
L-,38
KZ,38
PN,38
Ut,38
Z.,38
j-,38
m/,38
j¹,38
o¹,38
Å¾,38
čt,38
Ťn,38
 ſ,37
.S,37
1x,37
B),37
Ec,37
FP,37
RV,37
SF,37
iq,37
rw,37
u«,37
v«,37
»D,37
»k,37
č!,37
ŠK,37
i…,37
"""l",36
"""u",36
",a",36
-F,36
/0,36
3x,36
OF,36
OJ,36
S:,36
UB,36
UT,36
XL,36
mz,36
xm,36
® ,36
°C,36
¾i,36
Č:,36
ČI,36
…),36
šb,36
Ťe,36
-D,35
IE,35
JI,35
MU,35
O),35
PH,35
R:,35
Sw,35
Vk,35
df,35
n«,35
sč,35
ČN,35
	›,35
 ×,34
/4,34
.k,34
::,34
BB,34
"G,",34
K-,34
EČ,34
Js,34
S4,34
SZ,34
TH,34
TK,34
mg,34
»L,34
¾n,34
“P,34
.“,34
Ťi,34
"""C",33
"""J",33
-8,33
-h,33
.j,33
/s,33
CM,33
NP,33
R-,33
RU,33
SG,33
TL,33
"W,",33
a(,33
h-,33
gb,33
kW,33
ˇe,33
»R,33
“p,33
 @,32
(j,32
"""š",32
-I,32
-K,32
AY,32
DF,32
FB,32
Q ,32
SH,32
Ty,32
VC,32
WA,32
a1,32
"j""",32
jg,32
lr,32
t;,32
x1,32
xc,32
»i,32
Čo,32
Šl,32
(O,31
"-,",31
DC,31
AČ,31
IH,31
Hz,31
LG,31
RJ,31
S5,31
T),31
­l,31
»t,31
ľe,31
Žo,31
"""a",30
)?,30
--,30
AH,30
By,30
DH,30
FF,30
I),30
JS,30
KG,30
M),30
LN,30
LR,30
MK,30
MN,30
OE,30
OH,30
OU,30
OX,30
RG,30
IŠ,30
S2,30
"d""",30
eP,30
i/,30
l;,30
m;,30
p-,30
yk,30
»m,30
ün,30
o”,30
o…,30
ŽE,30
ŽI,30
	Y,29
 $,29
'z,29
/5,29
/m,29
2%,29
C),29
DG,29
RL,29
Mü,29
Tj,29
VL,29
Vm,29
Z-,29
hb,29
hw,29
n;,29
­t,29
¹n,29
ſh,29
'S,28
"""Č",28
.',28
/9,28
",č",28
BU,28
CF,28
CK,28
CP,28
EI,28
"F,",28
MF,28
PB,28
TF,28
W.,28
"Z,",28
b),28
c-,28
eD,28
eÄ,28
eĹ,28
gč,28
z-,28
uè,28
­j,28
­s,28
èj,28
č?,28
“n,28
""")",27
"""E",27
(h,27
->,27
0W,27
:6,27
A4,27
Ae,27
FL,27
I:,27
NB,27
Mp,27
ZG,27
e¾,27
y),27
wy,27
xx,27
­r,27
ću,27
čp,27
 q,26
"""c",26
-),26
CB,26
EH,26
HS,26
JJ,26
JZ,26
KK,26
LF,26
P2,26
Ou,26
Zj,26
Už,26
b-,26
r¹,26
­v,26
»I,26
“T,26
 ·,25
 Đ,25
'r,25
(Š,25
4/,25
4x,25
?),25
EJ,25
Ei,25
G-,25
GH,25
L:,25
MG,25
N:,25
NU,25
UE,25
UJ,25
Tk,25
UZ,25
VB,25
XI,25
aL,25
e(,25
kf,25
uĹ,25
»U,25
Č ,25
",…",25
	5,24
	6,24
 Ä,24
'O,24
'v,24
);,24
",m",24
5x,24
-ž,24
9/,24
:-,24
C:,24
HB,24
J-,24
IX,24
S3,24
UA,24
VK,24
"c""",24
g-,24
j;,24
bž,24
mw,24
l«,24
px,24
r;,24
v',24
¾b,24
“S,24
“s,24
"""f",23
"""j",23
'o,23
"""Ž",23
-G,23
",i",23
/h,23
0M,23
8/,23
AE,23
DB,23
AŠ,23
EŠ,23
OI,23
T:,23
TW,23
Vg,23
X.,23
aq,23
d!,23
iO,23
k',23
l',23
° ,23
»A,23
ľa,23
Ž ,23
€),23
"""H",22
"""g",22
'k,22
't,22
"""ž",22
.-,22
/p,22
(ž,22
:9,22
AW,22
KN,22
NF,22
NH,22
RF,22
UF,22
WT,22
Wr,22
ZB,22
h;,22
e¹,22
hs,22
iw,22
uy,22
x-,22
x3,22
wl,22
wr,22
­m,22
»B,22
»b,22
čs,22
	@,21
'A,21
/6,21
3%,21
0°,21
BN,21
CU,21
FD,21
H.,21
HC,21
"J,",21
Ic,21
RB,21
VZ,21
"X,",21
aN,21
hj,21
j«,21
s',21
rq,21
s«,21
vf,21
yi,21
»J,21
»u,21
ó ,21
“N,21
ľn,21
5€,21
ŠE,21
ŠT,21
	«,20
™ ,20
"""2",20
(-,20
)!,20
(W,20
(w,20
.e,20
-š,20
8x,20
:P,20
Aw,20
CN,20
DT,20
Eb,20
Ep,20
K),20
JK,20
MH,20
MV,20
PF,20
PJ,20
PZ,20
Ry,20
V:,20
VW,20
WC,20
Ye,20
aS,20
d',20
eB,20
eN,20
iM,20
l0,20
nC,20
nw,20
jĹ,20
t',20
sq,20
"w,",20
u¾,20
z),20
yc,20
¹t,20
š!,20
ŠA,20
Žn,20
!',19
"""U",19
"""h",19
 Å,19
'm,19
-H,19
",j",19
.J,19
.P,19
.b,19
0+,19
1%,19
9%,19
B1,19
CL,19
Cy,19
FM,19
"H,",19
Ib,19
JF,19
L',19
Ly,19
Dž,19
O2,19
P3,19
Oj,19
Pn,19
TB,19
U1,19
TX,19
VT,19
WD,19
cd,19
a¾,19
iC,19
jf,19
m',19
o(,19
p!,19
p:,19
pb,19
nè,19
u',19
sg,19
vy,19
"y""",19
wh,19
▼ ,19
ˇi,19
»e,19
“M,19
Šr,19
ŽA,19
+1,18
.K,18
/7,18
.t,18
/k,18
/o,18
2;,18
4%,18
4G,18
6%,18
6/,18
7/,18
@ ,18
A!,18
Bj,18
Cj,18
GU,18
IF,18
OW,18
UO,18
Uh,18
X1,18
a@,18
cC,18
h',18
fk,18
i(,18
hd,18
hp,18
kp,18
iÅ,18
oB,18
oP,18
pf,18
r«,18
x2,18
vé,18
»G,18
»r,18
èb,18
ör,18
﻿ ,18
	…,18
“V,18
Žb,18
ſt,18
$ ,17
 °,17
'N,17
",b",17
-O,17
-Z,17
0R,17
0i,17
2m,17
E),17
Hm,17
Ip,17
LK,17
M1,17
MX,17
S1,17
UI,17
VU,17
WE,17
ZF,17
aM,17
c3,17
c«,17
iS,17
k«,17
pH,17
x),17
x6,17
wu,17
rĹ,17
­č,17
»g,17
»l,17
èr,17
–2,17
Š.,17
ŠD,17
ŠI,17
Ťj,17
Šč,17
▲▼,17
	X,16
	·,16
"""?",16
"""F",16
*:,16
.A,16
.l,16
/d,16
/i,16
/n,16
1A,16
"2""",16
8%,16
;D,16
A3,16
BP,16
DK,16
DY,16
F1,16
Dy,16
FU,16
GK,16
GV,16
HN,16
Gm,16
N),16
MZ,16
NY,16
SW,16
UG,16
UH,16
XM,16
Z),16
ZM,16
Vš,16
d­,16
oC,16
oG,16
oS,16
x4,16
wd,16
u­,16
v»,16
­k,16
­p,16
»C,16
»a,16
»Č,16
èk,16
ér,16
ąa,16
ći,16
ČK,16
č«,16
“k,16
",“",16
‹ ,16
š?,16
a’,16
m…,16
Žv,16
	0,15
	8,15
"""Š",15
/3,15
/8,15
/z,15
1h,15
2c,15
.č,15
4m,15
A2,15
@m,15
AO,15
@s,15
BK,15
Aq,15
H-,15
JC,15
AŽ,15
KV,15
Kh,15
Ky,15
P:,15
QU,15
SQ,15
TJ,15
UC,15
OČ,15
Vh,15
XC,15
XV,15
UČ,15
aP,15
aą,15
d«,15
iH,15
m3,15
nK,15
p),15
p3,15
jž,15
wk,15
wt,15
¡e,15
«),15
ül,15
č-,15
“.,15
0–,15
ŠC,15
e“,15
v”,15
žc,15
 ﻿,14
'V,14
'Z,14
'd,14
-',14
-W,14
.B,14
.M,14
0G,14
3G,14
7%,14
":""",14
:n,14
:o,14
C3,14
CV,14
F),14
LM,14
M3,14
LV,14
N1,14
Mb,14
NM,14
P4,14
OY,14
KŠ,14
Sq,14
Tl,14
Ub,14
VG,14
WP,14
XP,14
XT,14
ZT,14
Zh,14
cz,14
aÅ,14
f-,14
iF,14
hh,14
k;,14
m(,14
mA,14
n1,14
nS,14
"p""",14
pv,14
w-,14
u¹,14
yg,14
tč,14
­d,14
ˇt,14
»š,14
»Ž,14
»ž,14
ét,14
öl,14
"č""",14
’s,14
"“,",14
“Z,14
 ”,14
9€,14
šr,14
r”,14
ž;,14
"""1",13
"(""",13
((,13
'I,13
'M,13
'T,13
'a,13
",'",13
",r",13
.O,13
.r,13
0K,13
1;,13
6G,13
:.,13
Ay,13
G),13
Gh,13
If,13
JM,13
Mh,13
NN,13
NV,13
P/,13
Rh,13
U),13
TY,13
V4,13
UX,13
W-,13
WW,13
Y:,13
Xa,13
YU,13
ZL,13
Yu,13
a*,13
a2,13
aK,13
c!,13
d?,13
e+,13
cq,13
eT,13
gk,13
dé,13
l(,13
kw,13
nq,13
uT,13
vS,13
té,13
­š,13
ˇn,13
»H,13
“B,13
“K,13
“R,13
!”,13
?”,13
šè,13
ŠČ,13
	7,12
'b,12
 ľ,12
)M,12
)o,12
+3,12
"0""",12
/P,12
.u,12
0;,12
/v,12
0X,12
2D,12
2P,12
2V,12
2k,12
3c,12
4u,12
5g,12
5k,12
8h,12
8m,12
:K,12
:S,12
"A""",12
@g,12
B:,12
D3,12
Ej,12
Gy,12
Ih,12
JV,12
L),12
L1,12
P5,12
Pj,12
RH,12
RZ,12
S?,12
T5,12
SX,12
Sz,12
WI,12
X4,12
Ož,12
VŠ,12
bH,12
c2,12
cb,12
k/,12
aſ,12
lw,12
nx,12
l¾,12
oÅ,12
t/,12
x8,12
­b,12
ˇÄ,12
»E,12
»f,12
Èe,12
"é,",12
í ,12
ąe,12
Đo,12
„p,12
š),12
ŠP,12
Ťk,12
n…,12
u”,12
€!,12
	È,11
"!,",11
"""e",11
'P,11
'u,11
-J,11
.D,11
.z,11
0A,11
0N,11
1N,11
0p,11
0«,11
4h,11
5W,11
6V,11
9;,11
:7,11
;-,11
:N,11
A1,11
C2,11
D:,11
E1,11
Eh,11
GC,11
GN,11
Gb,11
Gw,11
IQ,11
J:,11
JL,11
KY,11
EŽ,11
Nk,11
Q-,11
R2,11
Ql,11
Ts,11
VM,11
WH,11
WR,11
WS,11
Vt,11
XS,11
Xp,11
YS,11
RŽ,11
SŠ,11
aT,11
b:,11
c;,11
"g""",11
g/,11
eq,11
iK,11
hz,11
iy,11
n(,11
n2,11
o2,11
k¹,11
eſ,11
ią,11
pN,11
pg,11
lé,11
s;,11
rx,11
tS,11
vP,11
ré,11
wm,11
»č,11
öd,11
č;,11
“D,11
“v,11
2–,11
	▲,11
e’,11
	9,10
	Q,10
 ą,10
'0,10
'c,10
'e,10
'j,10
)P,10
)R,10
",l",10
0$,10
.g,10
.h,10
/I,10
.v,10
0D,10
0S,10
/r,10
0e,10
0h,10
0l,10
2M,10
2X,10
3;,10
3h,10
4X,10
6k,10
:8,10
BV,10
D2,10
F3,10
Ef,10
FH,10
FK,10
FX,10
HM,10
Gn,10
Aš,10
KJ,10
M2,10
Ks,10
Ll,10
Nm,10
Kö,10
R3,10
RY,10
T2,10
T3,10
SY,10
TG,10
U2,10
V1,10
MŠ,10
Uj,10
W2,10
VV,10
WB,10
Oš,10
RČ,10
Xb,10
YH,10
Xi,10
YO,10
UŠ,10
aG,10
bp,10
eC,10
eV,10
fc,10
h(,10
ać,10
gc,10
i2,10
iB,10
j',10
iL,10
iN,10
g«,10
jé,10
oT,10
q ,10
nÄ,10
rP,10
oą,10
r­,10
s­,10
t­,10
uÅ,10
oſ,10
rľ,10
yh,10
yz,10
uſ,10
­ ,10
­g,10
»F,10
öf,10
Đu,10
đe,10
"’,",10
 ’,10
4€,10
š:,10
Ť ,10
j…,10
m”,10
n”,10
v…,10
ŽN,10
ſa,10
ſe,10
€/,10
"""!",9
"""-",9
 ~,9
"""W",9
'),9
(+,9
'K,9
)-,9
"+,",9
",o",9
-U,9
.f,9
/N,9
/S,9
0?,9
0C,9
0E,9
0P,9
/t,9
1?,9
0d,9
1H,9
1m,9
1s,9
3m,9
5e,9
6x,9
8c,9
:J,9
:e,9
:k,9
:z,9
:«,9
?',9
A5,9
C1,9
C5,9
D4,9
E!,9
DW,9
DX,9
F8,9
GW,9
HH,9
Gj,9
Hj,9
Ia,9
Ik,9
Io,9
LX,9
LZ,9
O',9
O/,9
P6,9
Ow,9
Pf,9
QL,9
R/,9
R4,9
S&,9
S6,9
RX,9
Mö,9
SJ,9
NČ,9
TZ,9
WF,9
X5,9
XB,9
YE,9
YM,9
a0,9
cL,9
cp,9
eA,9
eL,9
eO,9
g!,9
aß,9
g?,9
fm,9
i3,9
e»,9
k1,9
jj,9
mS,9
o1,9
r(,9
rC,9
tO,9
oć,9
vM,9
vv,9
x9,9
xb,9
xf,9
tí,9
vè,9
­c,9
»Š,9
˝ ,9
á ,9
ém,9
ön,9
ąk,9
− ,9
"Č,",9
čf,9
‘p,9
“O,9
“m,9
 −,9
ľj,9
ŠS,9
h”,9
h…,9
o“,9
e→,9
t”,9
â€,9
"""(",8
""":",8
$1,8
(!,8
'D,8
")""",8
'i,8
**,8
)N,8
+),8
)n,8
+2,8
",,",8
(»,8
.T,8
/D,8
'š,8
0L,8
0V,8
0t,8
2A,8
1k,8
2n,8
3V,8
3d,8
5C,8
4c,8
4k,8
5V,8
5X,8
"9""",8
7h,8
:(,8
:s,8
A0,8
@b,8
B0,8
@r,8
BF,8
D',8
CG,8
D5,8
CZ,8
Cm,8
F2,8
Ez,8
GG,8
HF,8
HG,8
HU,8
HV,8
HZ,8
JB,8
KH,8
M5,8
O!,8
NR,8
P1,8
Oa,8
T0,8
U:,8
V2,8
W1,8
W3,8
Vd,8
WN,8
WO,8
SŽ,8
cD,8
dB,8
eK,8
eM,8
gF,8
fh,8
bè,8
gw,8
iT,8
kE,8
l2,8
i¾,8
oI,8
m­,8
kó,8
r/,8
rG,8
s/,8
rS,8
p­,8
ní,8
u/,8
oë,8
v/,8
rç,8
wc,8
z!,8
z?,8
zP,8
vſ,8
»1,8
¹p,8
»c,8
ße,8
üs,8
ąi,8
ć:,8
čd,8
	”,8
"–,",8
“d,8
“o,8
“l,8
“t,8
“z,8
1–,8
1€,8
6€,8
Ĺž,8
8€,8
"Š,",8
i’,8
s…,8
t…,8
u…,8
ŽU,8
Žl,8
Žr,8
žd,8
ſi,8
&D,7
&M,7
'L,7
(?,7
'l,7
(X,7
*.,7
-(,7
-.,7
",h",7
-X,7
.F,7
(Č,7
/R,7
0B,7
/b,7
1E,7
1G,7
0s,7
1e,7
1l,7
3A,7
2g,7
2h,7
3R,7
5+,7
4W,7
4d,7
",š",7
6c,7
6h,7
5°,7
7x,7
:M,7
:j,7
:p,7
:w,7
A+,7
@i,7
@v,7
C4,7
D/,7
CX,7
"E""",7
E2,7
Dm,7
EY,7
G2,7
H&,7
I!,7
HY,7
JD,7
Ie,7
Ij,7
K4,7
JT,7
M9,7
M:,7
N2,7
Lt,7
Hö,7
OA,7
P9,7
Ox,7
S/,7
IŽ,7
Rj,7
T1,7
Sj,7
U?,7
V3,7
V6,7
V7,7
Uf,7
W),7
Vc,7
X),7
WM,7
X6,7
Y.,7
Wu,7
YA,7
Xe,7
Sč,7
a+,7
a3,7
a8,7
aD,7
cA,7
d;,7
eF,7
b­,7
i1,7
gz,7
aŠ,7
eľ,7
oL,7
n­,7
ló,7
pz,7
n¹,7
ql,7
mü,7
ná,7
t(,7
iſ,7
tP,7
v(,7
w),7
rÅ,7
oľ,7
rè,7
rö,7
sé,7
"z""",7
uÄ,7
xl,7
č,7
yf,7
uđ,7
z­,7
»(,7
»h,7
»j,7
¾j,7
ák,7
éd,7
él,7
én,7
üh,7
—1,7
’.,7
“G,7
“u,7
„S,7
 ‹,7
"…,",7
“š,7
…p,7
…v,7
…«,7
4–,7
7–,7
ľb,7
Š),7
"š""",7
š;,7
a—,7
a‹,7
j”,7
r’,7
ž),7
ž-,7
Žg,7
č…,6
	®,6
	˝,6
 <,6
 â,6
'1,6
'G,6
(.,6
'R,6
*),6
)d,6
*O,6
+0,6
)u,6
-!,6
",J",6
",M",6
",c",6
",u",6
.;,6
.I,6
.L,6
.N,6
0!,6
/C,6
0',6
/K,6
/f,6
/g,6
2!,6
1B,6
2+,6
1M,6
0o,6
1T,6
1a,6
2H,6
1~,6
3B,6
3M,6
4?,6
"5""",6
4D,6
5;,6
 ˝,6
4t,6
6;,6
"7""",6
5h,6
6m,6
6t,6
7c,6
8a,6
:/,6
››,6
9c,6
:I,6
9h,6
:T,6
9t,6
:V,6
:Z,6
< ,6
:b,6
:t,6
@h,6
B/,6
@p,6
B5,6
C&,6
C7,6
CW,6
GF,6
H2,6
H5,6
H7,6
GX,6
I',6
Gv,6
K5,6
K6,6
L2,6
N0,6
Lp,6
N3,6
IĆ,6
Q1,6
JČ,6
Pv,6
Lö,6
T!,6
U9,6
UU,6
Ue,6
VJ,6
S«,6
VY,6
WG,6
NŠ,6
XY,6
Pš,6
Z1,6
Yi,6
RŠ,6
UŽ,6
aV,6
a~,6
bf,6
cG,6
bw,6
dL,6
dP,6
e2,6
dW,6
eX,6
bÄ,6
g;,6
h&,6
fd,6
h3,6
fy,6
bü,6
cé,6
gp,6
i5,6
iA,6
eÅ,6
j/,6
k2,6
k3,6
kL,6
lP,6
mL,6
mT,6
hö,6
mh,6
nT,6
nV,6
oF,6
l­,6
oW,6
p?,6
gš,6
oq,6
lá,6
r1,6
kč,6
s(,6
mé,6
rV,6
u(,6
tT,6
pé,6
v1,6
v2,6
rä,6
rí,6
x5,6
x7,6
wb,6
yP,6
v­,6
~d,6
~i,6
← ,6
¡a,6
¡n,6
«?,6
"®,",6
¹o,6
»4,6
»W,6
ár,6
"è,",6
é.,6
ën,6
ón,6
öw,6
ąn,6
Č.,6
ČP,6
č­,6
“A,6
“J,6
“I,6
”),6
“L,6
“U,6
“b,6
“g,6
„D,6
„T,6
„s,6
 ←,6
.’,6
5–,6
L’,6
 ▲,6
š-,6
Ťl,6
a“,6
i“,6
k…,6
n’,6
ſl,6
	﻿,5
 `,5
!t,5
 ®,5
$3,5
 Ö,5
&B,5
 ć,5
&R,5
&S,5
'B,5
اه,5
'J,5
(Y,5
++,5
)i,5
+.,5
)m,5
)s,5
*a,5
",-",5
+M,5
",A",5
",B",5
",C",5
",g",5
-Q,5
'č,5
.V,5
-w,5
-x,5
/A,5
ده,5
/O,5
1',5
/u,5
0a,5
1C,5
1X,5
3!,5
2C,5
1c,5
1d,5
2G,5
شا,5
2i,5
2l,5
2o,5
2p,5
3S,5
3k,5
4V,5
 ˈ,5
5K,5
5L,5
4p,5
5R,5
5T,5
5d,5
-Š,5
5t,5
7;,5
"8""",5
6a,5
9',5
7m,5
7t,5
‹‹,5
:c,5
:l,5
:m,5
:u,5
"?,",5
@M,5
A/,5
:Č,5
A7,5
@d,5
B&,5
@l,5
AQ,5
B3,5
C/,5
BZ,5
"D""",5
مش,5
Cz,5
F5,5
Dw,5
هد,5
G5,5
G:,5
H),5
H8,5
Bö,5
HK,5
BČ,5
HW,5
J),5
J1,5
IU,5
IW,5
Dü,5
JG,5
K2,5
Jr,5
L5,5
KW,5
Jz,5
M4,5
M6,5
DŠ,5
MJ,5
Mk,5
Mm,5
Mw,5
P+,5
Np,5
Oe,5
PX,5
QS,5
 م,5
S!,5
S8,5
RW,5
"T""",5
Iž,5
JŠ,5
Nü,5
VH,5
W/,5
W4,5
X2,5
X3,5
XE,5
XH,5
"Y,",5
Y-,5
Sö,5
YL,5
Z3,5
YT,5
Xt,5
Yv,5
VČ,5
TŠ,5
VŽ,5
aA,5
aC,5
c',5
bg,5
d2,5
d4,5
eH,5
eI,5
eY,5
g&,5
g',5
h/,5
i0,5
e®,5
i7,5
i8,5
i9,5
iD,5
iR,5
k(,5
kV,5
lC,5
hä,5
hé,5
j­,5
n4,5
o*,5
jÅ,5
eŠ,5
nO,5
p;,5
ká,5
kö,5
n®,5
lí,5
qa,5
má,5
s5,5
rX,5
sA,5
né,5
t2,5
sT,5
tx,5
"w""",5
y(,5
rą,5
y1,5
rđ,5
z',5
yS,5
xw,5
y«,5
~ ,5
↓ ,5
¡i,5
¡k,5
¡t,5
­z,5
ál,5
äl,5
är,5
èo,5
öt,5
ąl,5
ąč,5
čc,5
đa,5
–6,5
–3,5
’0,5
“a,5
“i,5
„N,5
“ž,5
(“,5
ı ,5
 ↓,5
3–,5
ľ ,5
ĹĄ,5
ľo,5
›Z,5
A…,5
ŠU,5
ŠZ,5
a–,5
d…,5
l”,5
o–,5
r…,5
s”,5
"ž""",5
ŽL,5
оd,4
"""5",4
""";",4
!n,4
$$,4
 §,4
$4,4
 ´,4
%!,4
 ø,4
"'""",4
&C,4
&O,4
&P,4
'E,4
(',4
(*,4
'U,4
'f,4
)2,4
)T,4
)V,4
(y,4
)v,4
+A,4
",)",4
+R,4
"-""",4
",P",4
",U",4
",V",4
.R,4
/B,4
/F,4
/G,4
/J,4
/L,4
/V,4
"1""",4
/c,4
/e,4
0I,4
0T,4
'ž,4
1K,4
1S,4
2?,4
2F,4
(Ž,4
2L,4
3?,4
4!,4
2a,4
3C,4
2d,4
2f,4
3T,4
3l,4
"6""",4
5B,4
5M,4
5N,4
2«,4
5P,4
6A,4
6L,4
6d,4
7F,4
6v,4
7X,4
8D,4
8H,4
7i,4
8M,4
5«,4
/ž,4
6°,4
8t,4
:?,4
:A,4
:E,4
:L,4
:d,4
:h,4
 μ,4
 о,4
A?,4
B!,4
@n,4
@z,4
Aa,4
BG,4
BH,4
BJ,4
BW,4
C9,4
BY,4
Ax,4
D!,4
D+,4
:ž,4
E/,4
E6,4
Dh,4
F6,4
EW,4
G1,4
Eo,4
FQ,4
FZ,4
H1,4
Ač,4
Gd,4
I2,4
Gs,4
HX,4
J!,4
K1,4
JR,4
Jn,4
L0,4
L7,4
KX,4
LH,4
M7,4
Gö,4
"N""",4
Gü,4
N',4
Lk,4
Ms,4
NX,4
P0,4
P7,4
Ny,4
Oi,4
Oo,4
PW,4
PY,4
QC,4
KČ,4
QT,4
R5,4
R6,4
R8,4
"S""",4
S7,4
MČ,4
Rt,4
U6,4
V!,4
Tm,4
V5,4
Uc,4
W:,4
X7,4
XA,4
Wj,4
XN,4
YC,4
PŠ,4
YN,4
YP,4
SČ,4
Z6,4
Z9,4
Uš,4
Zü,4
a4,4
b!,4
`e,4
b/,4
`n,4
b1,4
aY,4
bM,4
c/,4
c1,4
c5,4
c9,4
cK,4
cQ,4
d3,4
ZŽ,4
cg,4
e*,4
e0,4
e1,4
dS,4
e7,4
a»,4
e@,4
eG,4
f),4
b«,4
eR,4
f4,4
eZ,4
bé,4
d®,4
gS,4
gf,4
iE,4
dá,4
hf,4
hg,4
iJ,4
iQ,4
dí,4
iV,4
dó,4
jA,4
k*,4
g­,4
jS,4
kI,4
eć,4
kP,4
l1,4
kS,4
m1,4
lU,4
i»,4
n0,4
mW,4
nB,4
nP,4
o5,4
o6,4
nX,4
ió,4
oD,4
oM,4
jè,4
p2,4
o~,4
r*,4
lè,4
r2,4
r3,4
s&,4
rN,4
s1,4
rR,4
rT,4
kĹ,4
p«,4
t3,4
tB,4
tR,4
v6,4
uw,4
ró,4
rü,4
xD,4
y',4
wf,4
oŠ,4
xV,4
y?,4
tá,4
xs,4
tó,4
yy,4
vá,4
uć,4
uľ,4
yö,4
~e,4
yż,4
€“,4
­i,4
««,4
­o,4
®e,4
"°,",4
¹ ,4
ˇo,4
ˇp,4
¹j,4
¾u,4
⇐ ,4
Ëi,4
×1,4
à ,4
ác,4
án,4
än,4
äs,4
äu,4
çi,4
ín,4
ór,4
öp,4
ös,4
Ć ,4
Ă¨,4
﻿﻿,4
ć),4
ČB,4
ČR,4
ČU,4
đi,4
čš,4
ěk,4
	⇐,4
’O,4
“W,4
“f,4
“e,4
“r,4
„I,4
„P,4
„O,4
„V,4
„d,4
„k,4
„o,4
!“,4
“č,4
(–,4
…i,4
 ⋅,4
2€,4
8–,4
Ły,4
?“,4
Ĺ˝,4
ŠN,4
š­,4
šć,4
ŠŠ,4
g”,4
k”,4
o—,4
Ž.,4
ŽB,4
żk,4
ŽR,4
ſ ,4
ſo,4
ſv,4
z…,4
žč,4
žž,4
⋅ ,4
	°,3
	Ĺ,3
!.,3
"""""",3
"""Y",3
 ¨,3
 ­,3
$2,3
"""w",3
 µ,3
 Á,3
'9,3
'?,3
'H,3
&m,3
&s,3
)(,3
'g,3
'h,3
 Ł,3
)j,3
*L,3
)k,3
)p,3
)r,3
*k,3
+P,3
+S,3
",E",3
",F",3
",H",3
",N",3
)«,3
",S",3
-:,3
",e",3
",f",3
-Y,3
.C,3
-y,3
/E,3
/H,3
/M,3
)č,3
/T,3
/W,3
1!,3
0F,3
/j,3
0U,3
1D,3
1F,3
1L,3
0n,3
1V,3
.»,3
3',3
2K,3
1n,3
2S,3
1t,3
2U,3
2b,3
2e,3
4+,3
3K,3
3L,3
-Č,3
3W,3
0º,3
3a,3
4C,3
4E,3
3e,3
1«,3
3n,3
4P,3
3v,3
5D,3
6',3
5G,3
6(,3
5H,3
4s,3
6?,3
6B,3
6D,3
7',3
",ž",3
5l,3
6M,3
6R,3
6S,3
5s,3
5w,3
7A,3
7B,3
7D,3
6i,3
4«,3
3×,3
8A,3
7a,3
8C,3
9(,3
8G,3
/š,3
8K,3
8V,3
8X,3
9A,3
9E,3
:',3
8l,3
8o,3
8s,3
";""",3
:B,3
:C,3
9d,3
9l,3
:R,3
7°,3
:r,3
9«,3
;m,3
;n,3
;r,3
9°,3
>.,3
?.,3
?:,3
ро,3
 П,3
@j,3
B4,3
B6,3
@t,3
B8,3
C0,3
:Š,3
Bh,3
D1,3
D7,3
D?,3
A«,3
E0,3
Cp,3
E4,3
E5,3
E9,3
0˚,3
EQ,3
F4,3
F7,3
F:,3
FG,3
FN,3
Eq,3
G4,3
G6,3
G7,3
FW,3
G8,3
Ey,3
Fj,3
H0,3
H:,3
"I""",3
I*,3
I/,3
I3,3
I?,3
Dö,3
K+,3
KF,3
Až,3
Jj,3
L3,3
L4,3
L9,3
M!,3
Kb,3
M/,3
M8,3
Kw,3
LY,3
N5,3
Lv,3
N9,3
Hü,3
Mj,3
O1,3
O3,3
Mt,3
Mz,3
Nx,3
Jö,3
Kä,3
GŠ,3
M«,3
Q6,3
Q:,3
"R""",3
QA,3
QB,3
QD,3
R9,3
Py,3
Qa,3
Qi,3
Qo,3
O­,3
LČ,3
Rn,3
T4,3
Rr,3
T6,3
Sb,3
Sf,3
U3,3
Nč,3
Ss,3
"V""",3
V/,3
R«,3
V8,3
UW,3
Ui,3
Vj,3
WL,3
Vx,3
X:,3
XF,3
NŽ,3
Wy,3
Z5,3
Z:,3
YZ,3
Yp,3
Yt,3
Zp,3
Zw,3
Vö,3
Wü,3
` ,3
Vž,3
a7,3
a<,3
"b""",3
``,3
b(,3
b;,3
b?,3
bA,3
c7,3
c8,3
cB,3
cE,3
cH,3
ZŠ,3
cJ,3
d0,3
d1,3
 조,3
cS,3
dC,3
dM,3
dR,3
e5,3
dV,3
dX,3
f!,3
"f""",3
eE,3
f:,3
h2,3
gR,3
aČ,3
h4,3
d¾,3
hS,3
i@,3
iG,3
k@,3
kB,3
kD,3
kJ,3
eą,3
h®,3
kT,3
kY,3
lD,3
m&,3
lT,3
kz,3
mD,3
há,3
n*,3
mI,3
n+,3
hè,3
mR,3
mV,3
n7,3
n8,3
nD,3
o&,3
nF,3
nG,3
nM,3
k­,3
nR,3
o3,3
o7,3
oA,3
oH,3
oN,3
l®,3
oV,3
oX,3
oZ,3
ją,3
ké,3
m®,3
pQ,3
lä,3
r@,3
qc,3
rD,3
rF,3
rJ,3
s3,3
s4,3
s8,3
mó,3
o»,3
sC,3
nó,3
nü,3
jſ,3
tK,3
u0,3
u2,3
ž”,3
nđ,3
tX,3
sx,3
v0,3
v4,3
vO,3
uq,3
u~,3
vx,3
rô,3
x:,3
xG,3
y/,3
wp,3
y2,3
yD,3
xj,3
yM,3
z;,3
tö,3
z@,3
uá,3
w«,3
yv,3
zf,3
uą,3
zw,3
tı,3
rſ,3
kə,3
vě,3
z«,3
~1,3
zè,3
¡l,3
§ ,3
«!,3
«:,3
­V,3
°.,3
´ ,3
´0,3
µm,3
­ž,3
ºC,3
».,3
¹l,3
»2,3
¾k,3
¾r,3
ÄŚ,3
Ø ,3
ám,3
ás,3
át,3
äg,3
조회,3
ça,3
éa,3
ée,3
éj,3
év,3
"í,",3
ôm,3
ø ,3
ök,3
"ú,",3
ør,3
ü ,3
̌i,3
üg,3
üt,3
Ąt,3
ćk,3
ćn,3
ćo,3
č(,3
ČJ,3
ČO,3
ČS,3
čg,3
čé,3
–K,3
‘N,3
‘M,3
‘S,3
‘e,3
‘i,3
‘o,3
’r,3
“C,3
“F,3
“H,3
”:,3
„ ,3
„L,3
„h,3
„g,3
„m,3
„l,3
„v,3
„z,3
“Š,3
…2,3
“Ž,3
…h,3
 ™,3
…k,3
6–,3
3€,3
9–,3
7€,3
O’,3
U–,3
U”,3
ŠG,3
ŠR,3
Šx,3
ţe,3
š«,3
šÄ,3
d’,3
d“,3
d”,3
c™,3
l’,3
m“,3
o’,3
h™,3
⊃2,3
t’,3
u“,3
v’,3
ŽK,3
ŽO,3
ž:,3
ž?,3
Žm,3
žt,3
ſk,3
ſm,3
ſp,3
m⊃,3
«…,3
€+,3
€S,3
ερ,3
	i,2
	Á,2
	Ä,2
	Å,2
	Ø,2
а ,2
هT,2
!:,2
••,2
"""+",2
"""4",2
"""8",2
!e,2
!m,2
!p,2
"""X",2
$.,2
$5,2
 ½,2
"%""",2
%;,2
 Ü,2
 à,2
%S,2
'!,2
'(,2
&J,2
&K,2
&T,2
&V,2
 đ,2
':,2
&b,2
'C,2
&g,2
(),2
&j,2
&o,2
'w,2
)G,2
"*,",2
 ţ,2
*1,2
)S,2
(x,2
(~,2
"+""",2
)b,2
)g,2
+-,2
*S,2
+5,2
)t,2
+7,2
)z,2
+B,2
+C,2
*p,2
*t,2
-*,2
",I",2
",L",2
+m,2
+n,2
+t,2
+v,2
'Č,2
.?,2
.E,2
.G,2
.H,2
/.,2
.U,2
.X,2
.Y,2
/U,2
/Z,2
/l,2
0Z,2
1@,2
2',2
2(,2
0j,2
1P,2
1R,2
1U,2
0u,2
1Y,2
"3""",2
3+,2
1o,2
2R,2
2T,2
4(,2
)ž,2
2j,2
2v,2
3X,2
4;,2
4A,2
3b,2
5',2
3g,2
5*,2
3j,2
4L,2
4M,2
3p,2
4R,2
4S,2
3r,2
3t,2
5?,2
4a,2
4b,2
5E,2
5F,2
4l,2
4o,2
/č,2
2°,2
5U,2
4v,2
7(,2
6H,2
5i,2
6K,2
3«,2
5o,2
3°,2
2×,2
8!,2
6b,2
6g,2
7H,2
7M,2
6l,2
7N,2
4°,2
7U,2
7Z,2
7e,2
.Ž,2
7f,2
7g,2
7l,2
8R,2
8W,2
4×,2
9?,2
9D,2
8g,2
8i,2
":,",2
9K,2
9R,2
9S,2
5×,2
:>,2
:F,2
:G,2
9g,2
:H,2
9j,2
9k,2
;.,2
9m,2
:O,2
9o,2
:Y,2
6×,2
:a,2
:g,2
:i,2
"<,",2
8«,2
;a,2
;o,2
 π,2
ны,2
>0,2
>9,2
ос,2
>O,2
>i,2
>n,2
@D,2
A',2
@S,2
A6,2
A9,2
@e,2
@f,2
B7,2
B9,2
B?,2
"C""",2
C',2
C(,2
C+,2
CJ,2
CQ,2
D6,2
D8,2
CY,2
Bz,2
Cc,2
E(,2
A­,2
DQ,2
E3,2
Ct,2
E7,2
E?,2
F&,2
F0,2
Dx,2
Ee,2
FJ,2
G3,2
Ew,2
G?,2
Fb,2
GJ,2
ə ,2
H/,2
Ft,2
H6,2
GY,2
Gp,2
HQ,2
I4,2
I9,2
I;,2
"J""",2
IY,2
əl,2
K',2
JH,2
K0,2
DČ,2
K3,2
JW,2
K9,2
K?,2
L+,2
KQ,2
ა:,2
L6,2
L?,2
Fü,2
CŠ,2
M+,2
Gé,2
M0,2
I®,2
LW,2
N!,2
N4,2
N6,2
N7,2
MY,2
O+,2
Hč,2
O?,2
P!,2
"P""",2
P',2
Ng,2
Jä,2
L­,2
Nr,2
Ns,2
Q),2
"Q,",2
Q2,2
PQ,2
R!,2
Pb,2
Pd,2
R&,2
R',2
QH,2
HŠ,2
QM,2
Lé,2
R7,2
QW,2
R;,2
R?,2
Mä,2
S0,2
O®,2
Qp,2
Qt,2
T+,2
T/,2
ი:,2
Kō,2
T8,2
Rz,2
U!,2
Sg,2
U/,2
U0,2
U4,2
U5,2
U8,2
Tb,2
KŽ,2
Pé,2
Tt,2
Pö,2
V?,2
Ua,2
VF,2
Uw,2
Uz,2
"X""",2
WJ,2
WK,2
T«,2
š’,2
WU,2
WV,2
X8,2
WX,2
XD,2
Sã,2
Wm,2
XO,2
XU,2
Sø,2
TÜ,2
"Z""",2
YB,2
Xc,2
Tá,2
Z',2
YJ,2
Xl,2
Xm,2
Té,2
Z4,2
Uè,2
TČ,2
UĆ,2
Rž,2
a&,2
a6,2
aF,2
aH,2
b+,2
aJ,2
`i,2
aO,2
b2,2
aR,2
aZ,2
bL,2
bO,2
c6,2
cF,2
d(,2
d*,2
d+,2
cM,2
cN,2
cP,2
d5,2
cX,2
cf,2
dI,2
dO,2
e3,2
e4,2
e6,2
cw,2
dY,2
f*,2
eJ,2
f/,2
f1,2
eU,2
f?,2
g1,2
g3,2
añ,2
gB,2
fb,2
gM,2
ađ,2
d¹,2
hD,2
i*,2
i+,2
cè,2
i4,2
i6,2
hW,2
j(,2
eË,2
j2,2
iW,2
iX,2
iZ,2
dú,2
bĹ,2
aţ,2
k0,2
kC,2
l&,2
kK,2
l3,2
l4,2
eđ,2
kZ,2
fö,2
fü,2
i§,2
lM,2
lQ,2
i®,2
lS,2
m4,2
kx,2
mC,2
n&,2
mG,2
mM,2
n6,2
mX,2
lx,2
hú,2
hü,2
nE,2
nI,2
iæ,2
o0,2
nU,2
mx,2
n`,2
oE,2
p',2
p(,2
p*,2
oJ,2
oK,2
p/,2
p1,2
p4,2
jö,2
o`,2
kà,2
pF,2
lÅ,2
q-,2
m²,2
m»,2
kü,2
r&,2
gž,2
ką,2
r0,2
r4,2
r5,2
r7,2
pw,2
rB,2
rH,2
s*,2
rL,2
o¬,2
s2,2
mí,2
qr,2
iū,2
o´,2
mô,2
t&,2
nä,2
sL,2
oË,2
t5,2
sX,2
sY,2
nö,2
t@,2
tA,2
tC,2
tD,2
tF,2
cə,2
ną,2
tL,2
tN,2
oé,2
u3,2
tW,2
ž…,2
uB,2
uC,2
uD,2
pá,2
oĂ,2
uK,2
r®,2
oČ,2
v3,2
uS,2
v7,2
ođ,2
r»,2
w!,2
vF,2
vH,2
rÄ,2
vI,2
vK,2
vL,2
w/,2
s®,2
vR,2
vV,2
w:,2
"x""",2
x%,2
rá,2
x/,2
x0,2
t®,2
vw,2
x?,2
xB,2
y&,2
y*,2
wj,2
oţ,2
xL,2
xP,2
sí,2
xT,2
rė,2
yC,2
yH,2
tä,2
yJ,2
z1,2
yT,2
yW,2
xv,2
v¹,2
tü,2
vÄ,2
zI,2
zK,2
ué,2
uñ,2
zX,2
tě,2
vą,2
vć,2
tš,2
~3,2
z¹,2
iː,2
~a,2
zá,2
~n,2
~u,2
rә,2
¡ ,2
¡o,2
¡u,2
¨e,2
«1,2
«;,2
«I,2
«v,2
®.,2
­N,2
­Z,2
­h,2
² ,2
´c,2
ә',2
ˇl,2
ˈt,2
әt,2
¹b,2
»3,2
¹u,2
½ ,2
»w,2
½i,2
»»,2
¾l,2
¾o,2
Ál,2
˚),2
Å½,2
˚C,2
˝O,2
არ,2
ახ,2
Öz,2
ენ,2
ვა,2
ÜV,2
Ül,2
კო,2
მე,2
"á,",2
á.,2
ნა,2
ნტ,2
àj,2
ომ,2
áb,2
ád,2
áj,2
áv,2
ão,2
რი,2
äd,2
äi,2
äk,2
ტა,2
è.,2
ès,2
éb,2
ég,2
ék,2
ép,2
és,2
éz,2
í.,2
ët,2
ía,2
íc,2
íg,2
íj,2
íp,2
ír,2
ís,2
ít,2
ხვ,2
íč,2
óp,2
ós,2
ôj,2
öb,2
öh,2
öm,2
ød,2
ôč,2
̌e,2
̌n,2
üc,2
üv,2
ą ,2
ĆA,2
ąo,2
ąt,2
Č),2
č',2
č/,2
ČZ,2
ćć,2
čS,2
Čv,2
čy,2
	‘,2
	’,2
Đi,2
đm,2
ėt,2
‑2,2
‑o,2
–5,2
–8,2
–7,2
–I,2
–N,2
—-,2
"—,",2
–j,2
–k,2
–o,2
–s,2
—n,2
—m,2
‘B,2
‘P,2
‘Z,2
‘a,2
’A,2
‘d,2
‘n,2
‘s,2
‘t,2
’d,2
“),2
”!,2
”D,2
“j,2
“h,2
”N,2
”S,2
„B,2
„M,2
„J,2
‘Č,2
„R,2
„n,2
„u,2
„t,2
„r,2
•D,2
“Č,2
•R,2
•s,2
„Č,2
…',2
…1,2
…3,2
…;,2
…V,2
(„,2
…a,2
.–,2
…Š,2
1—,2
1…,2
3—,2
8—,2
8…,2
"‹,",2
ńs,2
?’,2
E”,2
ōy,2
I’,2
I”,2
 ▼,2
I™,2
ře,2
ři,2
ŚN,2
ŠJ,2
ŠM,2
š/,2
šM,2
"ť,",2
ţn,2
ší,2
e–,2
e—,2
ūr,2
h’,2
i•,2
k’,2
k“,2
l–,2
l…,2
d™,2
n“,2
r–,2
r‘,2
r“,2
s’,2
s“,2
t“,2
u’,2
"Ž,",2
Ž-,2
ŽZ,2
"ſ,",2
y’,2
y”,2
z”,2
žé,2
μg,2
μm,2
€3,2
€;,2
€P,2
€ś,2
€ť,2
»…,2
Ä‡,2
πε,2
ρα,2
ρι,2
τε,2
